"visitID","study_arm","gene","n_hit","bep_n","bep_n_ctDNApos","prevalence","prevalence_ctDNApos"
"C1D1","control","TNFRSF14",0,14,13,0,0
"C1D1","control","ERRFI1",0,14,13,0,0
"C1D1","control","MTOR",1,14,13,7.14285714285714,7.69230769230769
"C1D1","control","SPEN",1,14,13,7.14285714285714,7.69230769230769
"C1D1","control","SDHB",0,14,13,0,0
"C1D1","control","ARID1A",1,14,13,7.14285714285714,7.69230769230769
"C1D1","control","MPL",0,14,13,0,0
"C1D1","control","MUTYH",0,14,13,0,0
"C1D1","control","RAD54L",0,14,13,0,0
"C1D1","control","MKNK1",0,14,13,0,0
"C1D1","control","CDKN2C",0,14,13,0,0
"C1D1","control","JUN",0,14,13,0,0
"C1D1","control","JAK1",0,14,13,0,0
"C1D1","control","FUBP1",1,14,13,7.14285714285714,7.69230769230769
"C1D1","control","NRAS",0,14,13,0,0
"C1D1","control","FAM46C",0,14,13,0,0
"C1D1","control","HSD3B1",0,14,13,0,0
"C1D1","control","NOTCH2",0,14,13,0,0
"C1D1","control","MCL1",0,14,13,0,0
"C1D1","control","NTRK1",0,14,13,0,0
"C1D1","control","SDHC",0,14,13,0,0
"C1D1","control","DDR2",0,14,13,0,0
"C1D1","control","CDC73",0,14,13,0,0
"C1D1","control","PIK3C2B",0,14,13,0,0
"C1D1","control","MDM4",0,14,13,0,0
"C1D1","control","IKBKE",0,14,13,0,0
"C1D1","control","H3F3A",0,14,13,0,0
"C1D1","control","PARP1",0,14,13,0,0
"C1D1","control","FH",0,14,13,0,0
"C1D1","control","AKT3",0,14,13,0,0
"C1D1","control","MYCN",0,14,13,0,0
"C1D1","control","DNMT3A",3,14,13,21.4285714285714,23.0769230769231
"C1D1","control","ALK",0,14,13,0,0
"C1D1","control","MSH2",0,14,13,0,0
"C1D1","control","MSH6",1,14,13,7.14285714285714,7.69230769230769
"C1D1","control","FANCL",0,14,13,0,0
"C1D1","control","REL",0,14,13,0,0
"C1D1","control","XPO1",0,14,13,0,0
"C1D1","control","MERTK",0,14,13,0,0
"C1D1","control","PDK1",0,14,13,0,0
"C1D1","control","NFE2L2",0,14,13,0,0
"C1D1","control","SF3B1",0,14,13,0,0
"C1D1","control","CASP8",0,14,13,0,0
"C1D1","control","IDH1",0,14,13,0,0
"C1D1","control","ERBB4",1,14,13,7.14285714285714,7.69230769230769
"C1D1","control","BARD1",0,14,13,0,0
"C1D1","control","CUL3",0,14,13,0,0
"C1D1","control","VHL",0,14,13,0,0
"C1D1","control","PPARG",0,14,13,0,0
"C1D1","control","RAF1",0,14,13,0,0
"C1D1","control","TGFBR2",1,14,13,7.14285714285714,7.69230769230769
"C1D1","control","MLH1",0,14,13,0,0
"C1D1","control","MYD88",0,14,13,0,0
"C1D1","control","CTNNB1",0,14,13,0,0
"C1D1","control","SETD2",1,14,13,7.14285714285714,7.69230769230769
"C1D1","control","MST1R",0,14,13,0,0
"C1D1","control","PARP3",0,14,13,0,0
"C1D1","control","BAP1",0,14,13,0,0
"C1D1","control","PBRM1",0,14,13,0,0
"C1D1","control","MITF",0,14,13,0,0
"C1D1","control","EPHA3",1,14,13,7.14285714285714,7.69230769230769
"C1D1","control","GSK3B",0,14,13,0,0
"C1D1","control","EPHB1",0,14,13,0,0
"C1D1","control","PIK3CB",1,14,13,7.14285714285714,7.69230769230769
"C1D1","control","FOXL2",0,14,13,0,0
"C1D1","control","ATR",0,14,13,0,0
"C1D1","control","TIPARP",0,14,13,0,0
"C1D1","control","TERC",0,14,13,0,0
"C1D1","control","PRKCI",0,14,13,0,0
"C1D1","control","PIK3CA",2,14,13,14.2857142857143,15.3846153846154
"C1D1","control","SOX2",0,14,13,0,0
"C1D1","control","KLHL6",0,14,13,0,0
"C1D1","control","MAP3K13",0,14,13,0,0
"C1D1","control","ETV5",0,14,13,0,0
"C1D1","control","BCL6",0,14,13,0,0
"C1D1","control","FGF12",0,14,13,0,0
"C1D1","control","FGFR3",0,14,13,0,0
"C1D1","control","PDGFRA",0,14,13,0,0
"C1D1","control","KIT",0,14,13,0,0
"C1D1","control","KDR",0,14,13,0,0
"C1D1","control","TET2",1,14,13,7.14285714285714,7.69230769230769
"C1D1","control","INPP4B",0,14,13,0,0
"C1D1","control","FBXW7",1,14,13,7.14285714285714,7.69230769230769
"C1D1","control","IRF2",0,14,13,0,0
"C1D1","control","SDHA",0,14,13,0,0
"C1D1","control","TERT",1,14,13,7.14285714285714,7.69230769230769
"C1D1","control","RICTOR",0,14,13,0,0
"C1D1","control","FGF10",0,14,13,0,0
"C1D1","control","MAP3K1",0,14,13,0,0
"C1D1","control","PIK3R1",1,14,13,7.14285714285714,7.69230769230769
"C1D1","control","APC",4,14,13,28.5714285714286,30.7692307692308
"C1D1","control","SNCAIP",0,14,13,0,0
"C1D1","control","CTNNA1",0,14,13,0,0
"C1D1","control","CSF1R",0,14,13,0,0
"C1D1","control","PDGFRB",0,14,13,0,0
"C1D1","control","GABRA6",0,14,13,0,0
"C1D1","control","NPM1",0,14,13,0,0
"C1D1","control","FGFR4",0,14,13,0,0
"C1D1","control","IRF4",0,14,13,0,0
"C1D1","control","DDR1",0,14,13,0,0
"C1D1","control","DAXX",0,14,13,0,0
"C1D1","control","CDKN1A",0,14,13,0,0
"C1D1","control","CCND3",0,14,13,0,0
"C1D1","control","VEGFA",0,14,13,0,0
"C1D1","control","PRDM1",0,14,13,0,0
"C1D1","control","ROS1",0,14,13,0,0
"C1D1","control","MYB",0,14,13,0,0
"C1D1","control","TNFAIP3",0,14,13,0,0
"C1D1","control","ESR1",0,14,13,0,0
"C1D1","control","PARK2",0,14,13,0,0
"C1D1","control","QKI",0,14,13,0,0
"C1D1","control","CARD11",0,14,13,0,0
"C1D1","control","PMS2",0,14,13,0,0
"C1D1","control","RAC1",0,14,13,0,0
"C1D1","control","IKZF1",0,14,13,0,0
"C1D1","control","EGFR",0,14,13,0,0
"C1D1","control","HGF",0,14,13,0,0
"C1D1","control","GRM3",0,14,13,0,0
"C1D1","control","CDK6",0,14,13,0,0
"C1D1","control","EPHB4",0,14,13,0,0
"C1D1","control","MET",0,14,13,0,0
"C1D1","control","SMO",0,14,13,0,0
"C1D1","control","BRAF",13,14,13,92.8571428571429,100
"C1D1","control","KEL",0,14,13,0,0
"C1D1","control","EZH2",0,14,13,0,0
"C1D1","control","XRCC2",0,14,13,0,0
"C1D1","control","GATA4",0,14,13,0,0
"C1D1","control","ZNF703",0,14,13,0,0
"C1D1","control","FGFR1",0,14,13,0,0
"C1D1","control","LYN",0,14,13,0,0
"C1D1","control","NBN",0,14,13,0,0
"C1D1","control","RSPO2",0,14,13,0,0
"C1D1","control","MYC",1,14,13,7.14285714285714,7.69230769230769
"C1D1","control","JAK2",1,14,13,7.14285714285714,7.69230769230769
"C1D1","control","CD274",0,14,13,0,0
"C1D1","control","PDCD1LG2",0,14,13,0,0
"C1D1","control","CDKN2A",0,14,13,0,0
"C1D1","control","CDKN2B",0,14,13,0,0
"C1D1","control","TEK",0,14,13,0,0
"C1D1","control","FANCG",0,14,13,0,0
"C1D1","control","PAX5",0,14,13,0,0
"C1D1","control","GNAQ",0,14,13,0,0
"C1D1","control","NTRK2",0,14,13,0,0
"C1D1","control","SYK",0,14,13,0,0
"C1D1","control","FANCC",0,14,13,0,0
"C1D1","control","PTCH1",0,14,13,0,0
"C1D1","control","ABL1",0,14,13,0,0
"C1D1","control","TSC1",0,14,13,0,0
"C1D1","control","NOTCH1",0,14,13,0,0
"C1D1","control","GATA3",0,14,13,0,0
"C1D1","control","RET",0,14,13,0,0
"C1D1","control","PTEN",1,14,13,7.14285714285714,7.69230769230769
"C1D1","control","FAS",0,14,13,0,0
"C1D1","control","SUFU",0,14,13,0,0
"C1D1","control","CYP17A1",0,14,13,0,0
"C1D1","control","FGFR2",0,14,13,0,0
"C1D1","control","HRAS",0,14,13,0,0
"C1D1","control","IGF2",0,14,13,0,0
"C1D1","control","WT1",0,14,13,0,0
"C1D1","control","MEN1",0,14,13,0,0
"C1D1","control","CCND1",0,14,13,0,0
"C1D1","control","FGF19",0,14,13,0,0
"C1D1","control","FGF4",0,14,13,0,0
"C1D1","control","FGF3",0,14,13,0,0
"C1D1","control","MRE11A",0,14,13,0,0
"C1D1","control","ATM",1,14,13,7.14285714285714,7.69230769230769
"C1D1","control","SDHD",0,14,13,0,0
"C1D1","control","CBL",0,14,13,0,0
"C1D1","control","CHEK1",0,14,13,0,0
"C1D1","control","KDM5A",1,14,13,7.14285714285714,7.69230769230769
"C1D1","control","RAD52",0,14,13,0,0
"C1D1","control","CCND2",1,14,13,7.14285714285714,7.69230769230769
"C1D1","control","FGF23",1,14,13,7.14285714285714,7.69230769230769
"C1D1","control","FGF6",1,14,13,7.14285714285714,7.69230769230769
"C1D1","control","ETV6",0,14,13,0,0
"C1D1","control","CDKN1B",0,14,13,0,0
"C1D1","control","PIK3C2G",0,14,13,0,0
"C1D1","control","KRAS",1,14,13,7.14285714285714,7.69230769230769
"C1D1","control","ACVR1B",0,14,13,0,0
"C1D1","control","ERBB3",0,14,13,0,0
"C1D1","control","CDK4",0,14,13,0,0
"C1D1","control","MDM2",0,14,13,0,0
"C1D1","control","BTG1",0,14,13,0,0
"C1D1","control","IGF1",0,14,13,0,0
"C1D1","control","PTPN11",0,14,13,0,0
"C1D1","control","TBX3",0,14,13,0,0
"C1D1","control","HNF1A",0,14,13,0,0
"C1D1","control","POLE",0,14,13,0,0
"C1D1","control","CDK8",0,14,13,0,0
"C1D1","control","FLT3",0,14,13,0,0
"C1D1","control","FLT1",0,14,13,0,0
"C1D1","control","BRCA2",0,14,13,0,0
"C1D1","control","RB1",0,14,13,0,0
"C1D1","control","DIS3",0,14,13,0,0
"C1D1","control","FGF14",0,14,13,0,0
"C1D1","control","IRS2",0,14,13,0,0
"C1D1","control","CUL4A",0,14,13,0,0
"C1D1","control","PARP2",0,14,13,0,0
"C1D1","control","BCL2L2",0,14,13,0,0
"C1D1","control","NFKBIA",0,14,13,0,0
"C1D1","control","NKX2",0,14,13,0,0
"C1D1","control","RAD51B",0,14,13,0,0
"C1D1","control","AKT1",1,14,13,7.14285714285714,7.69230769230769
"C1D1","control","RAD51",0,14,13,0,0
"C1D1","control","LTK",0,14,13,0,0
"C1D1","control","TYRO3",0,14,13,0,0
"C1D1","control","FGF7",0,14,13,0,0
"C1D1","control","MAP2K1",0,14,13,0,0
"C1D1","control","NTRK3",0,14,13,0,0
"C1D1","control","IDH2",0,14,13,0,0
"C1D1","control","IGF1R",0,14,13,0,0
"C1D1","control","AXIN1",0,14,13,0,0
"C1D1","control","TSC2",0,14,13,0,0
"C1D1","control","CREBBP",1,14,13,7.14285714285714,7.69230769230769
"C1D1","control","SOCS1",0,14,13,0,0
"C1D1","control","ERCC4",0,14,13,0,0
"C1D1","control","PALB2",0,14,13,0,0
"C1D1","control","CBFB",0,14,13,0,0
"C1D1","control","CTCF",0,14,13,0,0
"C1D1","control","CDH1",0,14,13,0,0
"C1D1","control","FANCA",1,14,13,7.14285714285714,7.69230769230769
"C1D1","control","TP53",10,14,13,71.4285714285714,76.9230769230769
"C1D1","control","ALOX12B",0,14,13,0,0
"C1D1","control","AURKB",0,14,13,0,0
"C1D1","control","MAP2K4",0,14,13,0,0
"C1D1","control","FLCN",0,14,13,0,0
"C1D1","control","NF1",1,14,13,7.14285714285714,7.69230769230769
"C1D1","control","RAD51D",0,14,13,0,0
"C1D1","control","CDK12",0,14,13,0,0
"C1D1","control","ERBB2",0,14,13,0,0
"C1D1","control","RARA",0,14,13,0,0
"C1D1","control","STAT3",0,14,13,0,0
"C1D1","control","BRCA1",0,14,13,0,0
"C1D1","control","ETV4",0,14,13,0,0
"C1D1","control","SPOP",0,14,13,0,0
"C1D1","control","RNF43",1,14,13,7.14285714285714,7.69230769230769
"C1D1","control","RAD51C",0,14,13,0,0
"C1D1","control","BRIP1",1,14,13,7.14285714285714,7.69230769230769
"C1D1","control","CD79B",0,14,13,0,0
"C1D1","control","GNA13",0,14,13,0,0
"C1D1","control","PRKAR1A",0,14,13,0,0
"C1D1","control","SOX9",1,14,13,7.14285714285714,7.69230769230769
"C1D1","control","RPTOR",0,14,13,0,0
"C1D1","control","GATA6",0,14,13,0,0
"C1D1","control","SMAD2",0,14,13,0,0
"C1D1","control","SMAD4",3,14,13,21.4285714285714,23.0769230769231
"C1D1","control","BCL2",0,14,13,0,0
"C1D1","control","STK11",0,14,13,0,0
"C1D1","control","DOT1L",0,14,13,0,0
"C1D1","control","GNA11",0,14,13,0,0
"C1D1","control","MAP2K2",0,14,13,0,0
"C1D1","control","KEAP1",1,14,13,7.14285714285714,7.69230769230769
"C1D1","control","SMARCA4",0,14,13,0,0
"C1D1","control","NOTCH3",0,14,13,0,0
"C1D1","control","BRD4",0,14,13,0,0
"C1D1","control","JAK3",0,14,13,0,0
"C1D1","control","PIK3R2",0,14,13,0,0
"C1D1","control","MEF2B",0,14,13,0,0
"C1D1","control","CCNE1",0,14,13,0,0
"C1D1","control","CEBPA",0,14,13,0,0
"C1D1","control","AKT2",0,14,13,0,0
"C1D1","control","AXL",0,14,13,0,0
"C1D1","control","CD79A",0,14,13,0,0
"C1D1","control","CIC",0,14,13,0,0
"C1D1","control","POLD1",0,14,13,0,0
"C1D1","control","PPP2R1A",0,14,13,0,0
"C1D1","control","BCL2L1",0,14,13,0,0
"C1D1","control","ASXL1",0,14,13,0,0
"C1D1","control","SRC",0,14,13,0,0
"C1D1","control","ZNF217",0,14,13,0,0
"C1D1","control","AURKA",0,14,13,0,0
"C1D1","control","GNAS",2,14,13,14.2857142857143,15.3846153846154
"C1D1","control","ARFRP1",0,14,13,0,0
"C1D1","control","ERG",0,14,13,0,0
"C1D1","control","TMPRSS2",0,14,13,0,0
"C1D1","control","U2AF1",0,14,13,0,0
"C1D1","control","CRKL",0,14,13,0,0
"C1D1","control","BCR",0,14,13,0,0
"C1D1","control","SMARCB1",0,14,13,0,0
"C1D1","control","CHEK2",0,14,13,0,0
"C1D1","control","EWSR1",0,14,13,0,0
"C1D1","control","NF2",0,14,13,0,0
"C1D1","control","EP300",0,14,13,0,0
"C1D1","control","BCOR",1,14,13,7.14285714285714,7.69230769230769
"C1D1","control","KDM6A",0,14,13,0,0
"C1D1","control","RBM10",0,14,13,0,0
"C1D1","control","ARAF",0,14,13,0,0
"C1D1","control","KDM5C",0,14,13,0,0
"C1D1","control","AR",0,14,13,0,0
"C1D1","control","MED12",0,14,13,0,0
"C1D1","control","ATRX",0,14,13,0,0
"C1D1","control","BTK",0,14,13,0,0
"C1D1","control","STAG2",0,14,13,0,0
"C1D1","control","BCORL1",0,14,13,0,0
"C1D1","experimental","TNFRSF14",0,32,29,0,0
"C1D1","experimental","ERRFI1",0,32,29,0,0
"C1D1","experimental","MTOR",3,32,29,9.375,10.3448275862069
"C1D1","experimental","SPEN",1,32,29,3.125,3.44827586206897
"C1D1","experimental","SDHB",0,32,29,0,0
"C1D1","experimental","ARID1A",3,32,29,9.375,10.3448275862069
"C1D1","experimental","MPL",0,32,29,0,0
"C1D1","experimental","MUTYH",0,32,29,0,0
"C1D1","experimental","RAD54L",1,32,29,3.125,3.44827586206897
"C1D1","experimental","MKNK1",0,32,29,0,0
"C1D1","experimental","CDKN2C",0,32,29,0,0
"C1D1","experimental","JUN",0,32,29,0,0
"C1D1","experimental","JAK1",0,32,29,0,0
"C1D1","experimental","FUBP1",0,32,29,0,0
"C1D1","experimental","NRAS",0,32,29,0,0
"C1D1","experimental","FAM46C",0,32,29,0,0
"C1D1","experimental","HSD3B1",0,32,29,0,0
"C1D1","experimental","NOTCH2",0,32,29,0,0
"C1D1","experimental","MCL1",0,32,29,0,0
"C1D1","experimental","NTRK1",1,32,29,3.125,3.44827586206897
"C1D1","experimental","SDHC",0,32,29,0,0
"C1D1","experimental","DDR2",1,32,29,3.125,3.44827586206897
"C1D1","experimental","CDC73",0,32,29,0,0
"C1D1","experimental","PIK3C2B",0,32,29,0,0
"C1D1","experimental","MDM4",0,32,29,0,0
"C1D1","experimental","IKBKE",0,32,29,0,0
"C1D1","experimental","H3F3A",0,32,29,0,0
"C1D1","experimental","PARP1",0,32,29,0,0
"C1D1","experimental","FH",0,32,29,0,0
"C1D1","experimental","AKT3",0,32,29,0,0
"C1D1","experimental","MYCN",0,32,29,0,0
"C1D1","experimental","DNMT3A",5,32,29,15.625,17.2413793103448
"C1D1","experimental","ALK",0,32,29,0,0
"C1D1","experimental","MSH2",0,32,29,0,0
"C1D1","experimental","MSH6",2,32,29,6.25,6.89655172413793
"C1D1","experimental","FANCL",0,32,29,0,0
"C1D1","experimental","REL",0,32,29,0,0
"C1D1","experimental","XPO1",0,32,29,0,0
"C1D1","experimental","MERTK",1,32,29,3.125,3.44827586206897
"C1D1","experimental","PDK1",0,32,29,0,0
"C1D1","experimental","NFE2L2",0,32,29,0,0
"C1D1","experimental","SF3B1",0,32,29,0,0
"C1D1","experimental","CASP8",1,32,29,3.125,3.44827586206897
"C1D1","experimental","IDH1",0,32,29,0,0
"C1D1","experimental","ERBB4",0,32,29,0,0
"C1D1","experimental","BARD1",1,32,29,3.125,3.44827586206897
"C1D1","experimental","CUL3",0,32,29,0,0
"C1D1","experimental","VHL",0,32,29,0,0
"C1D1","experimental","PPARG",0,32,29,0,0
"C1D1","experimental","RAF1",0,32,29,0,0
"C1D1","experimental","TGFBR2",2,32,29,6.25,6.89655172413793
"C1D1","experimental","MLH1",1,32,29,3.125,3.44827586206897
"C1D1","experimental","MYD88",0,32,29,0,0
"C1D1","experimental","CTNNB1",2,32,29,6.25,6.89655172413793
"C1D1","experimental","SETD2",1,32,29,3.125,3.44827586206897
"C1D1","experimental","MST1R",0,32,29,0,0
"C1D1","experimental","PARP3",0,32,29,0,0
"C1D1","experimental","BAP1",0,32,29,0,0
"C1D1","experimental","PBRM1",2,32,29,6.25,6.89655172413793
"C1D1","experimental","MITF",0,32,29,0,0
"C1D1","experimental","EPHA3",0,32,29,0,0
"C1D1","experimental","GSK3B",0,32,29,0,0
"C1D1","experimental","EPHB1",0,32,29,0,0
"C1D1","experimental","PIK3CB",0,32,29,0,0
"C1D1","experimental","FOXL2",0,32,29,0,0
"C1D1","experimental","ATR",2,32,29,6.25,6.89655172413793
"C1D1","experimental","TIPARP",0,32,29,0,0
"C1D1","experimental","TERC",0,32,29,0,0
"C1D1","experimental","PRKCI",0,32,29,0,0
"C1D1","experimental","PIK3CA",6,32,29,18.75,20.6896551724138
"C1D1","experimental","SOX2",0,32,29,0,0
"C1D1","experimental","KLHL6",0,32,29,0,0
"C1D1","experimental","MAP3K13",0,32,29,0,0
"C1D1","experimental","ETV5",0,32,29,0,0
"C1D1","experimental","BCL6",0,32,29,0,0
"C1D1","experimental","FGF12",0,32,29,0,0
"C1D1","experimental","FGFR3",0,32,29,0,0
"C1D1","experimental","PDGFRA",0,32,29,0,0
"C1D1","experimental","KIT",1,32,29,3.125,3.44827586206897
"C1D1","experimental","KDR",0,32,29,0,0
"C1D1","experimental","TET2",2,32,29,6.25,6.89655172413793
"C1D1","experimental","INPP4B",1,32,29,3.125,3.44827586206897
"C1D1","experimental","FBXW7",2,32,29,6.25,6.89655172413793
"C1D1","experimental","IRF2",0,32,29,0,0
"C1D1","experimental","SDHA",0,32,29,0,0
"C1D1","experimental","TERT",0,32,29,0,0
"C1D1","experimental","RICTOR",0,32,29,0,0
"C1D1","experimental","FGF10",0,32,29,0,0
"C1D1","experimental","MAP3K1",0,32,29,0,0
"C1D1","experimental","PIK3R1",0,32,29,0,0
"C1D1","experimental","APC",6,32,29,18.75,20.6896551724138
"C1D1","experimental","SNCAIP",0,32,29,0,0
"C1D1","experimental","CTNNA1",1,32,29,3.125,3.44827586206897
"C1D1","experimental","CSF1R",1,32,29,3.125,3.44827586206897
"C1D1","experimental","PDGFRB",0,32,29,0,0
"C1D1","experimental","GABRA6",0,32,29,0,0
"C1D1","experimental","NPM1",0,32,29,0,0
"C1D1","experimental","FGFR4",0,32,29,0,0
"C1D1","experimental","IRF4",0,32,29,0,0
"C1D1","experimental","DDR1",0,32,29,0,0
"C1D1","experimental","DAXX",0,32,29,0,0
"C1D1","experimental","CDKN1A",0,32,29,0,0
"C1D1","experimental","CCND3",1,32,29,3.125,3.44827586206897
"C1D1","experimental","VEGFA",1,32,29,3.125,3.44827586206897
"C1D1","experimental","PRDM1",0,32,29,0,0
"C1D1","experimental","ROS1",0,32,29,0,0
"C1D1","experimental","MYB",0,32,29,0,0
"C1D1","experimental","TNFAIP3",0,32,29,0,0
"C1D1","experimental","ESR1",0,32,29,0,0
"C1D1","experimental","PARK2",2,32,29,6.25,6.89655172413793
"C1D1","experimental","QKI",2,32,29,6.25,6.89655172413793
"C1D1","experimental","CARD11",1,32,29,3.125,3.44827586206897
"C1D1","experimental","PMS2",0,32,29,0,0
"C1D1","experimental","RAC1",0,32,29,0,0
"C1D1","experimental","IKZF1",0,32,29,0,0
"C1D1","experimental","EGFR",0,32,29,0,0
"C1D1","experimental","HGF",0,32,29,0,0
"C1D1","experimental","GRM3",0,32,29,0,0
"C1D1","experimental","CDK6",0,32,29,0,0
"C1D1","experimental","EPHB4",0,32,29,0,0
"C1D1","experimental","MET",0,32,29,0,0
"C1D1","experimental","SMO",1,32,29,3.125,3.44827586206897
"C1D1","experimental","BRAF",28,32,29,87.5,96.551724137931
"C1D1","experimental","KEL",1,32,29,3.125,3.44827586206897
"C1D1","experimental","EZH2",1,32,29,3.125,3.44827586206897
"C1D1","experimental","XRCC2",0,32,29,0,0
"C1D1","experimental","GATA4",0,32,29,0,0
"C1D1","experimental","ZNF703",0,32,29,0,0
"C1D1","experimental","FGFR1",0,32,29,0,0
"C1D1","experimental","LYN",0,32,29,0,0
"C1D1","experimental","NBN",1,32,29,3.125,3.44827586206897
"C1D1","experimental","RSPO2",0,32,29,0,0
"C1D1","experimental","MYC",4,32,29,12.5,13.7931034482759
"C1D1","experimental","JAK2",1,32,29,3.125,3.44827586206897
"C1D1","experimental","CD274",1,32,29,3.125,3.44827586206897
"C1D1","experimental","PDCD1LG2",0,32,29,0,0
"C1D1","experimental","CDKN2A",1,32,29,3.125,3.44827586206897
"C1D1","experimental","CDKN2B",0,32,29,0,0
"C1D1","experimental","TEK",0,32,29,0,0
"C1D1","experimental","FANCG",0,32,29,0,0
"C1D1","experimental","PAX5",0,32,29,0,0
"C1D1","experimental","GNAQ",0,32,29,0,0
"C1D1","experimental","NTRK2",0,32,29,0,0
"C1D1","experimental","SYK",0,32,29,0,0
"C1D1","experimental","FANCC",0,32,29,0,0
"C1D1","experimental","PTCH1",0,32,29,0,0
"C1D1","experimental","ABL1",0,32,29,0,0
"C1D1","experimental","TSC1",0,32,29,0,0
"C1D1","experimental","NOTCH1",1,32,29,3.125,3.44827586206897
"C1D1","experimental","GATA3",0,32,29,0,0
"C1D1","experimental","RET",0,32,29,0,0
"C1D1","experimental","PTEN",2,32,29,6.25,6.89655172413793
"C1D1","experimental","FAS",0,32,29,0,0
"C1D1","experimental","SUFU",0,32,29,0,0
"C1D1","experimental","CYP17A1",0,32,29,0,0
"C1D1","experimental","FGFR2",0,32,29,0,0
"C1D1","experimental","HRAS",0,32,29,0,0
"C1D1","experimental","IGF2",0,32,29,0,0
"C1D1","experimental","WT1",0,32,29,0,0
"C1D1","experimental","MEN1",0,32,29,0,0
"C1D1","experimental","CCND1",1,32,29,3.125,3.44827586206897
"C1D1","experimental","FGF19",1,32,29,3.125,3.44827586206897
"C1D1","experimental","FGF4",1,32,29,3.125,3.44827586206897
"C1D1","experimental","FGF3",1,32,29,3.125,3.44827586206897
"C1D1","experimental","MRE11A",0,32,29,0,0
"C1D1","experimental","ATM",5,32,29,15.625,17.2413793103448
"C1D1","experimental","SDHD",0,32,29,0,0
"C1D1","experimental","CBL",0,32,29,0,0
"C1D1","experimental","CHEK1",0,32,29,0,0
"C1D1","experimental","KDM5A",0,32,29,0,0
"C1D1","experimental","RAD52",0,32,29,0,0
"C1D1","experimental","CCND2",1,32,29,3.125,3.44827586206897
"C1D1","experimental","FGF23",1,32,29,3.125,3.44827586206897
"C1D1","experimental","FGF6",1,32,29,3.125,3.44827586206897
"C1D1","experimental","ETV6",0,32,29,0,0
"C1D1","experimental","CDKN1B",0,32,29,0,0
"C1D1","experimental","PIK3C2G",0,32,29,0,0
"C1D1","experimental","KRAS",1,32,29,3.125,3.44827586206897
"C1D1","experimental","ACVR1B",0,32,29,0,0
"C1D1","experimental","ERBB3",0,32,29,0,0
"C1D1","experimental","CDK4",0,32,29,0,0
"C1D1","experimental","MDM2",0,32,29,0,0
"C1D1","experimental","BTG1",0,32,29,0,0
"C1D1","experimental","IGF1",0,32,29,0,0
"C1D1","experimental","PTPN11",0,32,29,0,0
"C1D1","experimental","TBX3",0,32,29,0,0
"C1D1","experimental","HNF1A",1,32,29,3.125,3.44827586206897
"C1D1","experimental","POLE",0,32,29,0,0
"C1D1","experimental","CDK8",1,32,29,3.125,3.44827586206897
"C1D1","experimental","FLT3",1,32,29,3.125,3.44827586206897
"C1D1","experimental","FLT1",0,32,29,0,0
"C1D1","experimental","BRCA2",2,32,29,6.25,6.89655172413793
"C1D1","experimental","RB1",0,32,29,0,0
"C1D1","experimental","DIS3",0,32,29,0,0
"C1D1","experimental","FGF14",0,32,29,0,0
"C1D1","experimental","IRS2",0,32,29,0,0
"C1D1","experimental","CUL4A",0,32,29,0,0
"C1D1","experimental","PARP2",0,32,29,0,0
"C1D1","experimental","BCL2L2",0,32,29,0,0
"C1D1","experimental","NFKBIA",0,32,29,0,0
"C1D1","experimental","NKX2",0,32,29,0,0
"C1D1","experimental","RAD51B",0,32,29,0,0
"C1D1","experimental","AKT1",1,32,29,3.125,3.44827586206897
"C1D1","experimental","RAD51",0,32,29,0,0
"C1D1","experimental","LTK",0,32,29,0,0
"C1D1","experimental","TYRO3",0,32,29,0,0
"C1D1","experimental","FGF7",0,32,29,0,0
"C1D1","experimental","MAP2K1",0,32,29,0,0
"C1D1","experimental","NTRK3",2,32,29,6.25,6.89655172413793
"C1D1","experimental","IDH2",0,32,29,0,0
"C1D1","experimental","IGF1R",0,32,29,0,0
"C1D1","experimental","AXIN1",1,32,29,3.125,3.44827586206897
"C1D1","experimental","TSC2",0,32,29,0,0
"C1D1","experimental","CREBBP",0,32,29,0,0
"C1D1","experimental","SOCS1",0,32,29,0,0
"C1D1","experimental","ERCC4",1,32,29,3.125,3.44827586206897
"C1D1","experimental","PALB2",0,32,29,0,0
"C1D1","experimental","CBFB",0,32,29,0,0
"C1D1","experimental","CTCF",0,32,29,0,0
"C1D1","experimental","CDH1",1,32,29,3.125,3.44827586206897
"C1D1","experimental","FANCA",0,32,29,0,0
"C1D1","experimental","TP53",26,32,29,81.25,89.6551724137931
"C1D1","experimental","ALOX12B",0,32,29,0,0
"C1D1","experimental","AURKB",0,32,29,0,0
"C1D1","experimental","MAP2K4",1,32,29,3.125,3.44827586206897
"C1D1","experimental","FLCN",0,32,29,0,0
"C1D1","experimental","NF1",1,32,29,3.125,3.44827586206897
"C1D1","experimental","RAD51D",0,32,29,0,0
"C1D1","experimental","CDK12",1,32,29,3.125,3.44827586206897
"C1D1","experimental","ERBB2",0,32,29,0,0
"C1D1","experimental","RARA",0,32,29,0,0
"C1D1","experimental","STAT3",0,32,29,0,0
"C1D1","experimental","BRCA1",2,32,29,6.25,6.89655172413793
"C1D1","experimental","ETV4",0,32,29,0,0
"C1D1","experimental","SPOP",0,32,29,0,0
"C1D1","experimental","RNF43",13,32,29,40.625,44.8275862068966
"C1D1","experimental","RAD51C",0,32,29,0,0
"C1D1","experimental","BRIP1",1,32,29,3.125,3.44827586206897
"C1D1","experimental","CD79B",0,32,29,0,0
"C1D1","experimental","GNA13",0,32,29,0,0
"C1D1","experimental","PRKAR1A",0,32,29,0,0
"C1D1","experimental","SOX9",1,32,29,3.125,3.44827586206897
"C1D1","experimental","RPTOR",0,32,29,0,0
"C1D1","experimental","GATA6",0,32,29,0,0
"C1D1","experimental","SMAD2",0,32,29,0,0
"C1D1","experimental","SMAD4",10,32,29,31.25,34.4827586206897
"C1D1","experimental","BCL2",0,32,29,0,0
"C1D1","experimental","STK11",0,32,29,0,0
"C1D1","experimental","DOT1L",0,32,29,0,0
"C1D1","experimental","GNA11",0,32,29,0,0
"C1D1","experimental","MAP2K2",0,32,29,0,0
"C1D1","experimental","KEAP1",0,32,29,0,0
"C1D1","experimental","SMARCA4",0,32,29,0,0
"C1D1","experimental","NOTCH3",2,32,29,6.25,6.89655172413793
"C1D1","experimental","BRD4",1,32,29,3.125,3.44827586206897
"C1D1","experimental","JAK3",0,32,29,0,0
"C1D1","experimental","PIK3R2",0,32,29,0,0
"C1D1","experimental","MEF2B",0,32,29,0,0
"C1D1","experimental","CCNE1",0,32,29,0,0
"C1D1","experimental","CEBPA",0,32,29,0,0
"C1D1","experimental","AKT2",0,32,29,0,0
"C1D1","experimental","AXL",0,32,29,0,0
"C1D1","experimental","CD79A",1,32,29,3.125,3.44827586206897
"C1D1","experimental","CIC",2,32,29,6.25,6.89655172413793
"C1D1","experimental","POLD1",0,32,29,0,0
"C1D1","experimental","PPP2R1A",0,32,29,0,0
"C1D1","experimental","BCL2L1",0,32,29,0,0
"C1D1","experimental","ASXL1",3,32,29,9.375,10.3448275862069
"C1D1","experimental","SRC",0,32,29,0,0
"C1D1","experimental","ZNF217",0,32,29,0,0
"C1D1","experimental","AURKA",0,32,29,0,0
"C1D1","experimental","GNAS",0,32,29,0,0
"C1D1","experimental","ARFRP1",0,32,29,0,0
"C1D1","experimental","ERG",0,32,29,0,0
"C1D1","experimental","TMPRSS2",0,32,29,0,0
"C1D1","experimental","U2AF1",0,32,29,0,0
"C1D1","experimental","CRKL",0,32,29,0,0
"C1D1","experimental","BCR",0,32,29,0,0
"C1D1","experimental","SMARCB1",0,32,29,0,0
"C1D1","experimental","CHEK2",1,32,29,3.125,3.44827586206897
"C1D1","experimental","EWSR1",0,32,29,0,0
"C1D1","experimental","NF2",0,32,29,0,0
"C1D1","experimental","EP300",0,32,29,0,0
"C1D1","experimental","BCOR",1,32,29,3.125,3.44827586206897
"C1D1","experimental","KDM6A",0,32,29,0,0
"C1D1","experimental","RBM10",0,32,29,0,0
"C1D1","experimental","ARAF",0,32,29,0,0
"C1D1","experimental","KDM5C",0,32,29,0,0
"C1D1","experimental","AR",1,32,29,3.125,3.44827586206897
"C1D1","experimental","MED12",0,32,29,0,0
"C1D1","experimental","ATRX",0,32,29,0,0
"C1D1","experimental","BTK",0,32,29,0,0
"C1D1","experimental","STAG2",0,32,29,0,0
"C1D1","experimental","BCORL1",2,32,29,6.25,6.89655172413793
"PD","control","TNFRSF14",0,8,8,0,0
"PD","control","ERRFI1",0,8,8,0,0
"PD","control","MTOR",0,8,8,0,0
"PD","control","SPEN",0,8,8,0,0
"PD","control","SDHB",0,8,8,0,0
"PD","control","ARID1A",0,8,8,0,0
"PD","control","MPL",0,8,8,0,0
"PD","control","MUTYH",1,8,8,12.5,12.5
"PD","control","RAD54L",0,8,8,0,0
"PD","control","MKNK1",0,8,8,0,0
"PD","control","CDKN2C",0,8,8,0,0
"PD","control","JUN",0,8,8,0,0
"PD","control","JAK1",0,8,8,0,0
"PD","control","FUBP1",0,8,8,0,0
"PD","control","NRAS",0,8,8,0,0
"PD","control","FAM46C",0,8,8,0,0
"PD","control","HSD3B1",0,8,8,0,0
"PD","control","NOTCH2",0,8,8,0,0
"PD","control","MCL1",0,8,8,0,0
"PD","control","NTRK1",0,8,8,0,0
"PD","control","SDHC",0,8,8,0,0
"PD","control","DDR2",0,8,8,0,0
"PD","control","CDC73",0,8,8,0,0
"PD","control","PIK3C2B",0,8,8,0,0
"PD","control","MDM4",0,8,8,0,0
"PD","control","IKBKE",0,8,8,0,0
"PD","control","H3F3A",0,8,8,0,0
"PD","control","PARP1",0,8,8,0,0
"PD","control","FH",0,8,8,0,0
"PD","control","AKT3",0,8,8,0,0
"PD","control","MYCN",0,8,8,0,0
"PD","control","DNMT3A",4,8,8,50,50
"PD","control","ALK",0,8,8,0,0
"PD","control","MSH2",0,8,8,0,0
"PD","control","MSH6",1,8,8,12.5,12.5
"PD","control","FANCL",0,8,8,0,0
"PD","control","REL",0,8,8,0,0
"PD","control","XPO1",0,8,8,0,0
"PD","control","MERTK",0,8,8,0,0
"PD","control","PDK1",0,8,8,0,0
"PD","control","NFE2L2",0,8,8,0,0
"PD","control","SF3B1",0,8,8,0,0
"PD","control","CASP8",0,8,8,0,0
"PD","control","IDH1",0,8,8,0,0
"PD","control","ERBB4",0,8,8,0,0
"PD","control","BARD1",0,8,8,0,0
"PD","control","CUL3",0,8,8,0,0
"PD","control","VHL",0,8,8,0,0
"PD","control","PPARG",1,8,8,12.5,12.5
"PD","control","RAF1",0,8,8,0,0
"PD","control","TGFBR2",1,8,8,12.5,12.5
"PD","control","MLH1",0,8,8,0,0
"PD","control","MYD88",0,8,8,0,0
"PD","control","CTNNB1",0,8,8,0,0
"PD","control","SETD2",0,8,8,0,0
"PD","control","MST1R",0,8,8,0,0
"PD","control","PARP3",0,8,8,0,0
"PD","control","BAP1",0,8,8,0,0
"PD","control","PBRM1",0,8,8,0,0
"PD","control","MITF",0,8,8,0,0
"PD","control","EPHA3",1,8,8,12.5,12.5
"PD","control","GSK3B",0,8,8,0,0
"PD","control","EPHB1",0,8,8,0,0
"PD","control","PIK3CB",0,8,8,0,0
"PD","control","FOXL2",0,8,8,0,0
"PD","control","ATR",0,8,8,0,0
"PD","control","TIPARP",0,8,8,0,0
"PD","control","TERC",0,8,8,0,0
"PD","control","PRKCI",0,8,8,0,0
"PD","control","PIK3CA",0,8,8,0,0
"PD","control","SOX2",0,8,8,0,0
"PD","control","KLHL6",0,8,8,0,0
"PD","control","MAP3K13",0,8,8,0,0
"PD","control","ETV5",0,8,8,0,0
"PD","control","BCL6",0,8,8,0,0
"PD","control","FGF12",0,8,8,0,0
"PD","control","FGFR3",0,8,8,0,0
"PD","control","PDGFRA",0,8,8,0,0
"PD","control","KIT",0,8,8,0,0
"PD","control","KDR",0,8,8,0,0
"PD","control","TET2",2,8,8,25,25
"PD","control","INPP4B",0,8,8,0,0
"PD","control","FBXW7",0,8,8,0,0
"PD","control","IRF2",0,8,8,0,0
"PD","control","SDHA",0,8,8,0,0
"PD","control","TERT",1,8,8,12.5,12.5
"PD","control","RICTOR",0,8,8,0,0
"PD","control","FGF10",0,8,8,0,0
"PD","control","MAP3K1",0,8,8,0,0
"PD","control","PIK3R1",0,8,8,0,0
"PD","control","APC",2,8,8,25,25
"PD","control","SNCAIP",0,8,8,0,0
"PD","control","CTNNA1",0,8,8,0,0
"PD","control","CSF1R",0,8,8,0,0
"PD","control","PDGFRB",0,8,8,0,0
"PD","control","GABRA6",0,8,8,0,0
"PD","control","NPM1",0,8,8,0,0
"PD","control","FGFR4",0,8,8,0,0
"PD","control","IRF4",0,8,8,0,0
"PD","control","DDR1",0,8,8,0,0
"PD","control","DAXX",0,8,8,0,0
"PD","control","CDKN1A",0,8,8,0,0
"PD","control","CCND3",0,8,8,0,0
"PD","control","VEGFA",0,8,8,0,0
"PD","control","PRDM1",0,8,8,0,0
"PD","control","ROS1",0,8,8,0,0
"PD","control","MYB",0,8,8,0,0
"PD","control","TNFAIP3",0,8,8,0,0
"PD","control","ESR1",0,8,8,0,0
"PD","control","PARK2",0,8,8,0,0
"PD","control","QKI",0,8,8,0,0
"PD","control","CARD11",0,8,8,0,0
"PD","control","PMS2",0,8,8,0,0
"PD","control","RAC1",0,8,8,0,0
"PD","control","IKZF1",0,8,8,0,0
"PD","control","EGFR",0,8,8,0,0
"PD","control","HGF",0,8,8,0,0
"PD","control","GRM3",0,8,8,0,0
"PD","control","CDK6",0,8,8,0,0
"PD","control","EPHB4",0,8,8,0,0
"PD","control","MET",0,8,8,0,0
"PD","control","SMO",0,8,8,0,0
"PD","control","BRAF",7,8,8,87.5,87.5
"PD","control","KEL",0,8,8,0,0
"PD","control","EZH2",0,8,8,0,0
"PD","control","XRCC2",0,8,8,0,0
"PD","control","GATA4",0,8,8,0,0
"PD","control","ZNF703",0,8,8,0,0
"PD","control","FGFR1",0,8,8,0,0
"PD","control","LYN",0,8,8,0,0
"PD","control","NBN",0,8,8,0,0
"PD","control","RSPO2",0,8,8,0,0
"PD","control","MYC",0,8,8,0,0
"PD","control","JAK2",1,8,8,12.5,12.5
"PD","control","CD274",0,8,8,0,0
"PD","control","PDCD1LG2",0,8,8,0,0
"PD","control","CDKN2A",0,8,8,0,0
"PD","control","CDKN2B",0,8,8,0,0
"PD","control","TEK",0,8,8,0,0
"PD","control","FANCG",0,8,8,0,0
"PD","control","PAX5",0,8,8,0,0
"PD","control","GNAQ",0,8,8,0,0
"PD","control","NTRK2",0,8,8,0,0
"PD","control","SYK",0,8,8,0,0
"PD","control","FANCC",0,8,8,0,0
"PD","control","PTCH1",0,8,8,0,0
"PD","control","ABL1",0,8,8,0,0
"PD","control","TSC1",0,8,8,0,0
"PD","control","NOTCH1",0,8,8,0,0
"PD","control","GATA3",0,8,8,0,0
"PD","control","RET",0,8,8,0,0
"PD","control","PTEN",1,8,8,12.5,12.5
"PD","control","FAS",0,8,8,0,0
"PD","control","SUFU",0,8,8,0,0
"PD","control","CYP17A1",0,8,8,0,0
"PD","control","FGFR2",0,8,8,0,0
"PD","control","HRAS",0,8,8,0,0
"PD","control","IGF2",0,8,8,0,0
"PD","control","WT1",0,8,8,0,0
"PD","control","MEN1",0,8,8,0,0
"PD","control","CCND1",0,8,8,0,0
"PD","control","FGF19",0,8,8,0,0
"PD","control","FGF4",0,8,8,0,0
"PD","control","FGF3",0,8,8,0,0
"PD","control","MRE11A",0,8,8,0,0
"PD","control","ATM",0,8,8,0,0
"PD","control","SDHD",0,8,8,0,0
"PD","control","CBL",1,8,8,12.5,12.5
"PD","control","CHEK1",0,8,8,0,0
"PD","control","KDM5A",0,8,8,0,0
"PD","control","RAD52",0,8,8,0,0
"PD","control","CCND2",0,8,8,0,0
"PD","control","FGF23",0,8,8,0,0
"PD","control","FGF6",0,8,8,0,0
"PD","control","ETV6",0,8,8,0,0
"PD","control","CDKN1B",0,8,8,0,0
"PD","control","PIK3C2G",0,8,8,0,0
"PD","control","KRAS",0,8,8,0,0
"PD","control","ACVR1B",0,8,8,0,0
"PD","control","ERBB3",0,8,8,0,0
"PD","control","CDK4",0,8,8,0,0
"PD","control","MDM2",0,8,8,0,0
"PD","control","BTG1",0,8,8,0,0
"PD","control","IGF1",0,8,8,0,0
"PD","control","PTPN11",0,8,8,0,0
"PD","control","TBX3",0,8,8,0,0
"PD","control","HNF1A",0,8,8,0,0
"PD","control","POLE",0,8,8,0,0
"PD","control","CDK8",0,8,8,0,0
"PD","control","FLT3",0,8,8,0,0
"PD","control","FLT1",0,8,8,0,0
"PD","control","BRCA2",0,8,8,0,0
"PD","control","RB1",0,8,8,0,0
"PD","control","DIS3",0,8,8,0,0
"PD","control","FGF14",0,8,8,0,0
"PD","control","IRS2",0,8,8,0,0
"PD","control","CUL4A",0,8,8,0,0
"PD","control","PARP2",0,8,8,0,0
"PD","control","BCL2L2",0,8,8,0,0
"PD","control","NFKBIA",0,8,8,0,0
"PD","control","NKX2",0,8,8,0,0
"PD","control","RAD51B",0,8,8,0,0
"PD","control","AKT1",1,8,8,12.5,12.5
"PD","control","RAD51",0,8,8,0,0
"PD","control","LTK",0,8,8,0,0
"PD","control","TYRO3",0,8,8,0,0
"PD","control","FGF7",0,8,8,0,0
"PD","control","MAP2K1",0,8,8,0,0
"PD","control","NTRK3",0,8,8,0,0
"PD","control","IDH2",0,8,8,0,0
"PD","control","IGF1R",0,8,8,0,0
"PD","control","AXIN1",0,8,8,0,0
"PD","control","TSC2",0,8,8,0,0
"PD","control","CREBBP",0,8,8,0,0
"PD","control","SOCS1",0,8,8,0,0
"PD","control","ERCC4",0,8,8,0,0
"PD","control","PALB2",0,8,8,0,0
"PD","control","CBFB",0,8,8,0,0
"PD","control","CTCF",0,8,8,0,0
"PD","control","CDH1",0,8,8,0,0
"PD","control","FANCA",1,8,8,12.5,12.5
"PD","control","TP53",7,8,8,87.5,87.5
"PD","control","ALOX12B",0,8,8,0,0
"PD","control","AURKB",0,8,8,0,0
"PD","control","MAP2K4",0,8,8,0,0
"PD","control","FLCN",0,8,8,0,0
"PD","control","NF1",0,8,8,0,0
"PD","control","RAD51D",0,8,8,0,0
"PD","control","CDK12",0,8,8,0,0
"PD","control","ERBB2",0,8,8,0,0
"PD","control","RARA",0,8,8,0,0
"PD","control","STAT3",0,8,8,0,0
"PD","control","BRCA1",0,8,8,0,0
"PD","control","ETV4",0,8,8,0,0
"PD","control","SPOP",0,8,8,0,0
"PD","control","RNF43",1,8,8,12.5,12.5
"PD","control","RAD51C",0,8,8,0,0
"PD","control","BRIP1",0,8,8,0,0
"PD","control","CD79B",0,8,8,0,0
"PD","control","GNA13",0,8,8,0,0
"PD","control","PRKAR1A",0,8,8,0,0
"PD","control","SOX9",0,8,8,0,0
"PD","control","RPTOR",0,8,8,0,0
"PD","control","GATA6",0,8,8,0,0
"PD","control","SMAD2",0,8,8,0,0
"PD","control","SMAD4",1,8,8,12.5,12.5
"PD","control","BCL2",0,8,8,0,0
"PD","control","STK11",0,8,8,0,0
"PD","control","DOT1L",0,8,8,0,0
"PD","control","GNA11",0,8,8,0,0
"PD","control","MAP2K2",0,8,8,0,0
"PD","control","KEAP1",1,8,8,12.5,12.5
"PD","control","SMARCA4",0,8,8,0,0
"PD","control","NOTCH3",0,8,8,0,0
"PD","control","BRD4",0,8,8,0,0
"PD","control","JAK3",0,8,8,0,0
"PD","control","PIK3R2",0,8,8,0,0
"PD","control","MEF2B",0,8,8,0,0
"PD","control","CCNE1",0,8,8,0,0
"PD","control","CEBPA",0,8,8,0,0
"PD","control","AKT2",0,8,8,0,0
"PD","control","AXL",0,8,8,0,0
"PD","control","CD79A",0,8,8,0,0
"PD","control","CIC",0,8,8,0,0
"PD","control","POLD1",0,8,8,0,0
"PD","control","PPP2R1A",0,8,8,0,0
"PD","control","BCL2L1",0,8,8,0,0
"PD","control","ASXL1",0,8,8,0,0
"PD","control","SRC",0,8,8,0,0
"PD","control","ZNF217",0,8,8,0,0
"PD","control","AURKA",0,8,8,0,0
"PD","control","GNAS",0,8,8,0,0
"PD","control","ARFRP1",0,8,8,0,0
"PD","control","ERG",0,8,8,0,0
"PD","control","TMPRSS2",0,8,8,0,0
"PD","control","U2AF1",0,8,8,0,0
"PD","control","CRKL",0,8,8,0,0
"PD","control","BCR",0,8,8,0,0
"PD","control","SMARCB1",0,8,8,0,0
"PD","control","CHEK2",0,8,8,0,0
"PD","control","EWSR1",0,8,8,0,0
"PD","control","NF2",0,8,8,0,0
"PD","control","EP300",0,8,8,0,0
"PD","control","BCOR",2,8,8,25,25
"PD","control","KDM6A",0,8,8,0,0
"PD","control","RBM10",0,8,8,0,0
"PD","control","ARAF",0,8,8,0,0
"PD","control","KDM5C",0,8,8,0,0
"PD","control","AR",0,8,8,0,0
"PD","control","MED12",0,8,8,0,0
"PD","control","ATRX",0,8,8,0,0
"PD","control","BTK",0,8,8,0,0
"PD","control","STAG2",0,8,8,0,0
"PD","control","BCORL1",0,8,8,0,0
"PD","experimental","TNFRSF14",0,22,20,0,0
"PD","experimental","ERRFI1",0,22,20,0,0
"PD","experimental","MTOR",1,22,20,4.54545454545455,5
"PD","experimental","SPEN",1,22,20,4.54545454545455,5
"PD","experimental","SDHB",0,22,20,0,0
"PD","experimental","ARID1A",2,22,20,9.09090909090909,10
"PD","experimental","MPL",0,22,20,0,0
"PD","experimental","MUTYH",0,22,20,0,0
"PD","experimental","RAD54L",1,22,20,4.54545454545455,5
"PD","experimental","MKNK1",0,22,20,0,0
"PD","experimental","CDKN2C",0,22,20,0,0
"PD","experimental","JUN",0,22,20,0,0
"PD","experimental","JAK1",1,22,20,4.54545454545455,5
"PD","experimental","FUBP1",0,22,20,0,0
"PD","experimental","NRAS",3,22,20,13.6363636363636,15
"PD","experimental","FAM46C",0,22,20,0,0
"PD","experimental","HSD3B1",0,22,20,0,0
"PD","experimental","NOTCH2",0,22,20,0,0
"PD","experimental","MCL1",0,22,20,0,0
"PD","experimental","NTRK1",1,22,20,4.54545454545455,5
"PD","experimental","SDHC",0,22,20,0,0
"PD","experimental","DDR2",0,22,20,0,0
"PD","experimental","CDC73",0,22,20,0,0
"PD","experimental","PIK3C2B",0,22,20,0,0
"PD","experimental","MDM4",0,22,20,0,0
"PD","experimental","IKBKE",0,22,20,0,0
"PD","experimental","H3F3A",0,22,20,0,0
"PD","experimental","PARP1",0,22,20,0,0
"PD","experimental","FH",0,22,20,0,0
"PD","experimental","AKT3",0,22,20,0,0
"PD","experimental","MYCN",0,22,20,0,0
"PD","experimental","DNMT3A",4,22,20,18.1818181818182,20
"PD","experimental","ALK",0,22,20,0,0
"PD","experimental","MSH2",0,22,20,0,0
"PD","experimental","MSH6",2,22,20,9.09090909090909,10
"PD","experimental","FANCL",0,22,20,0,0
"PD","experimental","REL",0,22,20,0,0
"PD","experimental","XPO1",0,22,20,0,0
"PD","experimental","MERTK",1,22,20,4.54545454545455,5
"PD","experimental","PDK1",0,22,20,0,0
"PD","experimental","NFE2L2",0,22,20,0,0
"PD","experimental","SF3B1",0,22,20,0,0
"PD","experimental","CASP8",1,22,20,4.54545454545455,5
"PD","experimental","IDH1",0,22,20,0,0
"PD","experimental","ERBB4",0,22,20,0,0
"PD","experimental","BARD1",1,22,20,4.54545454545455,5
"PD","experimental","CUL3",0,22,20,0,0
"PD","experimental","VHL",0,22,20,0,0
"PD","experimental","PPARG",0,22,20,0,0
"PD","experimental","RAF1",0,22,20,0,0
"PD","experimental","TGFBR2",2,22,20,9.09090909090909,10
"PD","experimental","MLH1",1,22,20,4.54545454545455,5
"PD","experimental","MYD88",0,22,20,0,0
"PD","experimental","CTNNB1",1,22,20,4.54545454545455,5
"PD","experimental","SETD2",0,22,20,0,0
"PD","experimental","MST1R",0,22,20,0,0
"PD","experimental","PARP3",0,22,20,0,0
"PD","experimental","BAP1",0,22,20,0,0
"PD","experimental","PBRM1",1,22,20,4.54545454545455,5
"PD","experimental","MITF",0,22,20,0,0
"PD","experimental","EPHA3",0,22,20,0,0
"PD","experimental","GSK3B",0,22,20,0,0
"PD","experimental","EPHB1",0,22,20,0,0
"PD","experimental","PIK3CB",0,22,20,0,0
"PD","experimental","FOXL2",0,22,20,0,0
"PD","experimental","ATR",2,22,20,9.09090909090909,10
"PD","experimental","TIPARP",0,22,20,0,0
"PD","experimental","TERC",0,22,20,0,0
"PD","experimental","PRKCI",0,22,20,0,0
"PD","experimental","PIK3CA",6,22,20,27.2727272727273,30
"PD","experimental","SOX2",0,22,20,0,0
"PD","experimental","KLHL6",0,22,20,0,0
"PD","experimental","MAP3K13",0,22,20,0,0
"PD","experimental","ETV5",0,22,20,0,0
"PD","experimental","BCL6",0,22,20,0,0
"PD","experimental","FGF12",0,22,20,0,0
"PD","experimental","FGFR3",0,22,20,0,0
"PD","experimental","PDGFRA",0,22,20,0,0
"PD","experimental","KIT",1,22,20,4.54545454545455,5
"PD","experimental","KDR",0,22,20,0,0
"PD","experimental","TET2",1,22,20,4.54545454545455,5
"PD","experimental","INPP4B",1,22,20,4.54545454545455,5
"PD","experimental","FBXW7",2,22,20,9.09090909090909,10
"PD","experimental","IRF2",0,22,20,0,0
"PD","experimental","SDHA",0,22,20,0,0
"PD","experimental","TERT",0,22,20,0,0
"PD","experimental","RICTOR",0,22,20,0,0
"PD","experimental","FGF10",0,22,20,0,0
"PD","experimental","MAP3K1",0,22,20,0,0
"PD","experimental","PIK3R1",0,22,20,0,0
"PD","experimental","APC",3,22,20,13.6363636363636,15
"PD","experimental","SNCAIP",0,22,20,0,0
"PD","experimental","CTNNA1",1,22,20,4.54545454545455,5
"PD","experimental","CSF1R",1,22,20,4.54545454545455,5
"PD","experimental","PDGFRB",0,22,20,0,0
"PD","experimental","GABRA6",1,22,20,4.54545454545455,5
"PD","experimental","NPM1",0,22,20,0,0
"PD","experimental","FGFR4",0,22,20,0,0
"PD","experimental","IRF4",0,22,20,0,0
"PD","experimental","DDR1",0,22,20,0,0
"PD","experimental","DAXX",1,22,20,4.54545454545455,5
"PD","experimental","CDKN1A",0,22,20,0,0
"PD","experimental","CCND3",1,22,20,4.54545454545455,5
"PD","experimental","VEGFA",1,22,20,4.54545454545455,5
"PD","experimental","PRDM1",0,22,20,0,0
"PD","experimental","ROS1",0,22,20,0,0
"PD","experimental","MYB",0,22,20,0,0
"PD","experimental","TNFAIP3",0,22,20,0,0
"PD","experimental","ESR1",0,22,20,0,0
"PD","experimental","PARK2",1,22,20,4.54545454545455,5
"PD","experimental","QKI",2,22,20,9.09090909090909,10
"PD","experimental","CARD11",1,22,20,4.54545454545455,5
"PD","experimental","PMS2",0,22,20,0,0
"PD","experimental","RAC1",0,22,20,0,0
"PD","experimental","IKZF1",0,22,20,0,0
"PD","experimental","EGFR",0,22,20,0,0
"PD","experimental","HGF",0,22,20,0,0
"PD","experimental","GRM3",0,22,20,0,0
"PD","experimental","CDK6",0,22,20,0,0
"PD","experimental","EPHB4",0,22,20,0,0
"PD","experimental","MET",0,22,20,0,0
"PD","experimental","SMO",0,22,20,0,0
"PD","experimental","BRAF",19,22,20,86.3636363636364,95
"PD","experimental","KEL",0,22,20,0,0
"PD","experimental","EZH2",0,22,20,0,0
"PD","experimental","XRCC2",0,22,20,0,0
"PD","experimental","GATA4",0,22,20,0,0
"PD","experimental","ZNF703",0,22,20,0,0
"PD","experimental","FGFR1",0,22,20,0,0
"PD","experimental","LYN",0,22,20,0,0
"PD","experimental","NBN",1,22,20,4.54545454545455,5
"PD","experimental","RSPO2",0,22,20,0,0
"PD","experimental","MYC",1,22,20,4.54545454545455,5
"PD","experimental","JAK2",1,22,20,4.54545454545455,5
"PD","experimental","CD274",0,22,20,0,0
"PD","experimental","PDCD1LG2",0,22,20,0,0
"PD","experimental","CDKN2A",0,22,20,0,0
"PD","experimental","CDKN2B",0,22,20,0,0
"PD","experimental","TEK",0,22,20,0,0
"PD","experimental","FANCG",0,22,20,0,0
"PD","experimental","PAX5",0,22,20,0,0
"PD","experimental","GNAQ",0,22,20,0,0
"PD","experimental","NTRK2",0,22,20,0,0
"PD","experimental","SYK",0,22,20,0,0
"PD","experimental","FANCC",0,22,20,0,0
"PD","experimental","PTCH1",0,22,20,0,0
"PD","experimental","ABL1",0,22,20,0,0
"PD","experimental","TSC1",0,22,20,0,0
"PD","experimental","NOTCH1",0,22,20,0,0
"PD","experimental","GATA3",0,22,20,0,0
"PD","experimental","RET",0,22,20,0,0
"PD","experimental","PTEN",1,22,20,4.54545454545455,5
"PD","experimental","FAS",0,22,20,0,0
"PD","experimental","SUFU",0,22,20,0,0
"PD","experimental","CYP17A1",0,22,20,0,0
"PD","experimental","FGFR2",0,22,20,0,0
"PD","experimental","HRAS",0,22,20,0,0
"PD","experimental","IGF2",0,22,20,0,0
"PD","experimental","WT1",0,22,20,0,0
"PD","experimental","MEN1",0,22,20,0,0
"PD","experimental","CCND1",0,22,20,0,0
"PD","experimental","FGF19",0,22,20,0,0
"PD","experimental","FGF4",0,22,20,0,0
"PD","experimental","FGF3",0,22,20,0,0
"PD","experimental","MRE11A",0,22,20,0,0
"PD","experimental","ATM",3,22,20,13.6363636363636,15
"PD","experimental","SDHD",0,22,20,0,0
"PD","experimental","CBL",0,22,20,0,0
"PD","experimental","CHEK1",0,22,20,0,0
"PD","experimental","KDM5A",0,22,20,0,0
"PD","experimental","RAD52",0,22,20,0,0
"PD","experimental","CCND2",0,22,20,0,0
"PD","experimental","FGF23",0,22,20,0,0
"PD","experimental","FGF6",0,22,20,0,0
"PD","experimental","ETV6",0,22,20,0,0
"PD","experimental","CDKN1B",0,22,20,0,0
"PD","experimental","PIK3C2G",0,22,20,0,0
"PD","experimental","KRAS",2,22,20,9.09090909090909,10
"PD","experimental","ACVR1B",0,22,20,0,0
"PD","experimental","ERBB3",0,22,20,0,0
"PD","experimental","CDK4",0,22,20,0,0
"PD","experimental","MDM2",0,22,20,0,0
"PD","experimental","BTG1",0,22,20,0,0
"PD","experimental","IGF1",0,22,20,0,0
"PD","experimental","PTPN11",0,22,20,0,0
"PD","experimental","TBX3",0,22,20,0,0
"PD","experimental","HNF1A",1,22,20,4.54545454545455,5
"PD","experimental","POLE",0,22,20,0,0
"PD","experimental","CDK8",0,22,20,0,0
"PD","experimental","FLT3",0,22,20,0,0
"PD","experimental","FLT1",0,22,20,0,0
"PD","experimental","BRCA2",3,22,20,13.6363636363636,15
"PD","experimental","RB1",0,22,20,0,0
"PD","experimental","DIS3",0,22,20,0,0
"PD","experimental","FGF14",0,22,20,0,0
"PD","experimental","IRS2",0,22,20,0,0
"PD","experimental","CUL4A",0,22,20,0,0
"PD","experimental","PARP2",0,22,20,0,0
"PD","experimental","BCL2L2",0,22,20,0,0
"PD","experimental","NFKBIA",0,22,20,0,0
"PD","experimental","NKX2",0,22,20,0,0
"PD","experimental","RAD51B",0,22,20,0,0
"PD","experimental","AKT1",0,22,20,0,0
"PD","experimental","RAD51",0,22,20,0,0
"PD","experimental","LTK",0,22,20,0,0
"PD","experimental","TYRO3",0,22,20,0,0
"PD","experimental","FGF7",0,22,20,0,0
"PD","experimental","MAP2K1",5,22,20,22.7272727272727,25
"PD","experimental","NTRK3",1,22,20,4.54545454545455,5
"PD","experimental","IDH2",0,22,20,0,0
"PD","experimental","IGF1R",0,22,20,0,0
"PD","experimental","AXIN1",0,22,20,0,0
"PD","experimental","TSC2",0,22,20,0,0
"PD","experimental","CREBBP",0,22,20,0,0
"PD","experimental","SOCS1",0,22,20,0,0
"PD","experimental","ERCC4",0,22,20,0,0
"PD","experimental","PALB2",0,22,20,0,0
"PD","experimental","CBFB",0,22,20,0,0
"PD","experimental","CTCF",0,22,20,0,0
"PD","experimental","CDH1",0,22,20,0,0
"PD","experimental","FANCA",0,22,20,0,0
"PD","experimental","TP53",15,22,20,68.1818181818182,75
"PD","experimental","ALOX12B",0,22,20,0,0
"PD","experimental","AURKB",0,22,20,0,0
"PD","experimental","MAP2K4",0,22,20,0,0
"PD","experimental","FLCN",0,22,20,0,0
"PD","experimental","NF1",3,22,20,13.6363636363636,15
"PD","experimental","RAD51D",0,22,20,0,0
"PD","experimental","CDK12",1,22,20,4.54545454545455,5
"PD","experimental","ERBB2",0,22,20,0,0
"PD","experimental","RARA",0,22,20,0,0
"PD","experimental","STAT3",1,22,20,4.54545454545455,5
"PD","experimental","BRCA1",1,22,20,4.54545454545455,5
"PD","experimental","ETV4",0,22,20,0,0
"PD","experimental","SPOP",0,22,20,0,0
"PD","experimental","RNF43",8,22,20,36.3636363636364,40
"PD","experimental","RAD51C",0,22,20,0,0
"PD","experimental","BRIP1",0,22,20,0,0
"PD","experimental","CD79B",0,22,20,0,0
"PD","experimental","GNA13",0,22,20,0,0
"PD","experimental","PRKAR1A",0,22,20,0,0
"PD","experimental","SOX9",0,22,20,0,0
"PD","experimental","RPTOR",0,22,20,0,0
"PD","experimental","GATA6",0,22,20,0,0
"PD","experimental","SMAD2",0,22,20,0,0
"PD","experimental","SMAD4",2,22,20,9.09090909090909,10
"PD","experimental","BCL2",0,22,20,0,0
"PD","experimental","STK11",0,22,20,0,0
"PD","experimental","DOT1L",0,22,20,0,0
"PD","experimental","GNA11",0,22,20,0,0
"PD","experimental","MAP2K2",0,22,20,0,0
"PD","experimental","KEAP1",0,22,20,0,0
"PD","experimental","SMARCA4",0,22,20,0,0
"PD","experimental","NOTCH3",2,22,20,9.09090909090909,10
"PD","experimental","BRD4",0,22,20,0,0
"PD","experimental","JAK3",0,22,20,0,0
"PD","experimental","PIK3R2",0,22,20,0,0
"PD","experimental","MEF2B",0,22,20,0,0
"PD","experimental","CCNE1",1,22,20,4.54545454545455,5
"PD","experimental","CEBPA",0,22,20,0,0
"PD","experimental","AKT2",0,22,20,0,0
"PD","experimental","AXL",0,22,20,0,0
"PD","experimental","CD79A",1,22,20,4.54545454545455,5
"PD","experimental","CIC",2,22,20,9.09090909090909,10
"PD","experimental","POLD1",0,22,20,0,0
"PD","experimental","PPP2R1A",0,22,20,0,0
"PD","experimental","BCL2L1",0,22,20,0,0
"PD","experimental","ASXL1",3,22,20,13.6363636363636,15
"PD","experimental","SRC",0,22,20,0,0
"PD","experimental","ZNF217",0,22,20,0,0
"PD","experimental","AURKA",0,22,20,0,0
"PD","experimental","GNAS",0,22,20,0,0
"PD","experimental","ARFRP1",0,22,20,0,0
"PD","experimental","ERG",0,22,20,0,0
"PD","experimental","TMPRSS2",0,22,20,0,0
"PD","experimental","U2AF1",0,22,20,0,0
"PD","experimental","CRKL",0,22,20,0,0
"PD","experimental","BCR",0,22,20,0,0
"PD","experimental","SMARCB1",0,22,20,0,0
"PD","experimental","CHEK2",2,22,20,9.09090909090909,10
"PD","experimental","EWSR1",0,22,20,0,0
"PD","experimental","NF2",0,22,20,0,0
"PD","experimental","EP300",0,22,20,0,0
"PD","experimental","BCOR",1,22,20,4.54545454545455,5
"PD","experimental","KDM6A",0,22,20,0,0
"PD","experimental","RBM10",0,22,20,0,0
"PD","experimental","ARAF",0,22,20,0,0
"PD","experimental","KDM5C",0,22,20,0,0
"PD","experimental","AR",0,22,20,0,0
"PD","experimental","MED12",0,22,20,0,0
"PD","experimental","ATRX",0,22,20,0,0
"PD","experimental","BTK",0,22,20,0,0
"PD","experimental","STAG2",0,22,20,0,0
"PD","experimental","BCORL1",2,22,20,9.09090909090909,10
"tissue","control","TNFRSF14",0,17,17,0,0
"tissue","control","ERRFI1",0,17,17,0,0
"tissue","control","MTOR",1,17,17,5.88235294117647,5.88235294117647
"tissue","control","SPEN",1,17,17,5.88235294117647,5.88235294117647
"tissue","control","SDHB",0,17,17,0,0
"tissue","control","ARID1A",2,17,17,11.7647058823529,11.7647058823529
"tissue","control","MPL",0,17,17,0,0
"tissue","control","MUTYH",0,17,17,0,0
"tissue","control","RAD54L",0,17,17,0,0
"tissue","control","MKNK1",0,17,17,0,0
"tissue","control","CDKN2C",0,17,17,0,0
"tissue","control","JUN",0,17,17,0,0
"tissue","control","JAK1",0,17,17,0,0
"tissue","control","FUBP1",1,17,17,5.88235294117647,5.88235294117647
"tissue","control","NRAS",0,17,17,0,0
"tissue","control","FAM46C",0,17,17,0,0
"tissue","control","HSD3B1",0,17,17,0,0
"tissue","control","NOTCH2",0,17,17,0,0
"tissue","control","MCL1",0,17,17,0,0
"tissue","control","NTRK1",0,17,17,0,0
"tissue","control","SDHC",0,17,17,0,0
"tissue","control","DDR2",0,17,17,0,0
"tissue","control","CDC73",0,17,17,0,0
"tissue","control","PIK3C2B",0,17,17,0,0
"tissue","control","MDM4",0,17,17,0,0
"tissue","control","IKBKE",0,17,17,0,0
"tissue","control","H3F3A",0,17,17,0,0
"tissue","control","PARP1",0,17,17,0,0
"tissue","control","FH",0,17,17,0,0
"tissue","control","AKT3",0,17,17,0,0
"tissue","control","MYCN",0,17,17,0,0
"tissue","control","DNMT3A",0,17,17,0,0
"tissue","control","ALK",0,17,17,0,0
"tissue","control","MSH2",0,17,17,0,0
"tissue","control","MSH6",1,17,17,5.88235294117647,5.88235294117647
"tissue","control","FANCL",0,17,17,0,0
"tissue","control","REL",0,17,17,0,0
"tissue","control","XPO1",0,17,17,0,0
"tissue","control","MERTK",0,17,17,0,0
"tissue","control","PDK1",0,17,17,0,0
"tissue","control","NFE2L2",0,17,17,0,0
"tissue","control","SF3B1",0,17,17,0,0
"tissue","control","CASP8",0,17,17,0,0
"tissue","control","IDH1",0,17,17,0,0
"tissue","control","ERBB4",0,17,17,0,0
"tissue","control","BARD1",0,17,17,0,0
"tissue","control","CUL3",0,17,17,0,0
"tissue","control","VHL",0,17,17,0,0
"tissue","control","PPARG",0,17,17,0,0
"tissue","control","RAF1",0,17,17,0,0
"tissue","control","TGFBR2",1,17,17,5.88235294117647,5.88235294117647
"tissue","control","MLH1",0,17,17,0,0
"tissue","control","MYD88",0,17,17,0,0
"tissue","control","CTNNB1",1,17,17,5.88235294117647,5.88235294117647
"tissue","control","SETD2",0,17,17,0,0
"tissue","control","MST1R",0,17,17,0,0
"tissue","control","PARP3",0,17,17,0,0
"tissue","control","BAP1",0,17,17,0,0
"tissue","control","PBRM1",0,17,17,0,0
"tissue","control","MITF",0,17,17,0,0
"tissue","control","EPHA3",1,17,17,5.88235294117647,5.88235294117647
"tissue","control","GSK3B",0,17,17,0,0
"tissue","control","EPHB1",0,17,17,0,0
"tissue","control","PIK3CB",1,17,17,5.88235294117647,5.88235294117647
"tissue","control","FOXL2",0,17,17,0,0
"tissue","control","ATR",0,17,17,0,0
"tissue","control","TIPARP",0,17,17,0,0
"tissue","control","TERC",0,17,17,0,0
"tissue","control","PRKCI",0,17,17,0,0
"tissue","control","PIK3CA",2,17,17,11.7647058823529,11.7647058823529
"tissue","control","SOX2",0,17,17,0,0
"tissue","control","KLHL6",0,17,17,0,0
"tissue","control","MAP3K13",0,17,17,0,0
"tissue","control","ETV5",0,17,17,0,0
"tissue","control","BCL6",0,17,17,0,0
"tissue","control","FGF12",0,17,17,0,0
"tissue","control","FGFR3",0,17,17,0,0
"tissue","control","PDGFRA",0,17,17,0,0
"tissue","control","KIT",0,17,17,0,0
"tissue","control","KDR",0,17,17,0,0
"tissue","control","TET2",0,17,17,0,0
"tissue","control","INPP4B",0,17,17,0,0
"tissue","control","FBXW7",2,17,17,11.7647058823529,11.7647058823529
"tissue","control","IRF2",0,17,17,0,0
"tissue","control","SDHA",0,17,17,0,0
"tissue","control","TERT",1,17,17,5.88235294117647,5.88235294117647
"tissue","control","RICTOR",0,17,17,0,0
"tissue","control","FGF10",0,17,17,0,0
"tissue","control","MAP3K1",0,17,17,0,0
"tissue","control","PIK3R1",2,17,17,11.7647058823529,11.7647058823529
"tissue","control","APC",4,17,17,23.5294117647059,23.5294117647059
"tissue","control","SNCAIP",0,17,17,0,0
"tissue","control","CTNNA1",0,17,17,0,0
"tissue","control","CSF1R",0,17,17,0,0
"tissue","control","PDGFRB",0,17,17,0,0
"tissue","control","GABRA6",0,17,17,0,0
"tissue","control","NPM1",0,17,17,0,0
"tissue","control","FGFR4",0,17,17,0,0
"tissue","control","IRF4",0,17,17,0,0
"tissue","control","DDR1",0,17,17,0,0
"tissue","control","DAXX",0,17,17,0,0
"tissue","control","CDKN1A",0,17,17,0,0
"tissue","control","CCND3",0,17,17,0,0
"tissue","control","VEGFA",0,17,17,0,0
"tissue","control","PRDM1",0,17,17,0,0
"tissue","control","ROS1",0,17,17,0,0
"tissue","control","MYB",0,17,17,0,0
"tissue","control","TNFAIP3",0,17,17,0,0
"tissue","control","ESR1",0,17,17,0,0
"tissue","control","PARK2",0,17,17,0,0
"tissue","control","QKI",0,17,17,0,0
"tissue","control","CARD11",0,17,17,0,0
"tissue","control","PMS2",1,17,17,5.88235294117647,5.88235294117647
"tissue","control","RAC1",0,17,17,0,0
"tissue","control","IKZF1",0,17,17,0,0
"tissue","control","EGFR",0,17,17,0,0
"tissue","control","HGF",0,17,17,0,0
"tissue","control","GRM3",0,17,17,0,0
"tissue","control","CDK6",0,17,17,0,0
"tissue","control","EPHB4",0,17,17,0,0
"tissue","control","MET",0,17,17,0,0
"tissue","control","SMO",0,17,17,0,0
"tissue","control","BRAF",17,17,17,100,100
"tissue","control","KEL",0,17,17,0,0
"tissue","control","EZH2",0,17,17,0,0
"tissue","control","XRCC2",0,17,17,0,0
"tissue","control","GATA4",0,17,17,0,0
"tissue","control","ZNF703",0,17,17,0,0
"tissue","control","FGFR1",0,17,17,0,0
"tissue","control","LYN",0,17,17,0,0
"tissue","control","NBN",0,17,17,0,0
"tissue","control","RSPO2",0,17,17,0,0
"tissue","control","MYC",3,17,17,17.6470588235294,17.6470588235294
"tissue","control","JAK2",0,17,17,0,0
"tissue","control","CD274",0,17,17,0,0
"tissue","control","PDCD1LG2",0,17,17,0,0
"tissue","control","CDKN2A",0,17,17,0,0
"tissue","control","CDKN2B",0,17,17,0,0
"tissue","control","TEK",0,17,17,0,0
"tissue","control","FANCG",0,17,17,0,0
"tissue","control","PAX5",0,17,17,0,0
"tissue","control","GNAQ",0,17,17,0,0
"tissue","control","NTRK2",0,17,17,0,0
"tissue","control","SYK",0,17,17,0,0
"tissue","control","FANCC",0,17,17,0,0
"tissue","control","PTCH1",0,17,17,0,0
"tissue","control","ABL1",0,17,17,0,0
"tissue","control","TSC1",0,17,17,0,0
"tissue","control","NOTCH1",0,17,17,0,0
"tissue","control","GATA3",0,17,17,0,0
"tissue","control","RET",0,17,17,0,0
"tissue","control","PTEN",0,17,17,0,0
"tissue","control","FAS",0,17,17,0,0
"tissue","control","SUFU",0,17,17,0,0
"tissue","control","CYP17A1",0,17,17,0,0
"tissue","control","FGFR2",0,17,17,0,0
"tissue","control","HRAS",0,17,17,0,0
"tissue","control","IGF2",0,17,17,0,0
"tissue","control","WT1",0,17,17,0,0
"tissue","control","MEN1",0,17,17,0,0
"tissue","control","CCND1",1,17,17,5.88235294117647,5.88235294117647
"tissue","control","FGF19",1,17,17,5.88235294117647,5.88235294117647
"tissue","control","FGF4",1,17,17,5.88235294117647,5.88235294117647
"tissue","control","FGF3",1,17,17,5.88235294117647,5.88235294117647
"tissue","control","MRE11A",0,17,17,0,0
"tissue","control","ATM",1,17,17,5.88235294117647,5.88235294117647
"tissue","control","SDHD",0,17,17,0,0
"tissue","control","CBL",0,17,17,0,0
"tissue","control","CHEK1",0,17,17,0,0
"tissue","control","KDM5A",1,17,17,5.88235294117647,5.88235294117647
"tissue","control","RAD52",0,17,17,0,0
"tissue","control","CCND2",1,17,17,5.88235294117647,5.88235294117647
"tissue","control","FGF23",1,17,17,5.88235294117647,5.88235294117647
"tissue","control","FGF6",1,17,17,5.88235294117647,5.88235294117647
"tissue","control","ETV6",0,17,17,0,0
"tissue","control","CDKN1B",0,17,17,0,0
"tissue","control","PIK3C2G",0,17,17,0,0
"tissue","control","KRAS",0,17,17,0,0
"tissue","control","ACVR1B",1,17,17,5.88235294117647,5.88235294117647
"tissue","control","ERBB3",0,17,17,0,0
"tissue","control","CDK4",0,17,17,0,0
"tissue","control","MDM2",0,17,17,0,0
"tissue","control","BTG1",0,17,17,0,0
"tissue","control","IGF1",0,17,17,0,0
"tissue","control","PTPN11",0,17,17,0,0
"tissue","control","TBX3",0,17,17,0,0
"tissue","control","HNF1A",0,17,17,0,0
"tissue","control","POLE",0,17,17,0,0
"tissue","control","CDK8",0,17,17,0,0
"tissue","control","FLT3",0,17,17,0,0
"tissue","control","FLT1",0,17,17,0,0
"tissue","control","BRCA2",0,17,17,0,0
"tissue","control","RB1",0,17,17,0,0
"tissue","control","DIS3",0,17,17,0,0
"tissue","control","FGF14",0,17,17,0,0
"tissue","control","IRS2",0,17,17,0,0
"tissue","control","CUL4A",0,17,17,0,0
"tissue","control","PARP2",0,17,17,0,0
"tissue","control","BCL2L2",0,17,17,0,0
"tissue","control","NFKBIA",0,17,17,0,0
"tissue","control","NKX2",0,17,17,0,0
"tissue","control","RAD51B",0,17,17,0,0
"tissue","control","AKT1",1,17,17,5.88235294117647,5.88235294117647
"tissue","control","RAD51",0,17,17,0,0
"tissue","control","LTK",0,17,17,0,0
"tissue","control","TYRO3",0,17,17,0,0
"tissue","control","FGF7",0,17,17,0,0
"tissue","control","MAP2K1",0,17,17,0,0
"tissue","control","NTRK3",0,17,17,0,0
"tissue","control","IDH2",0,17,17,0,0
"tissue","control","IGF1R",0,17,17,0,0
"tissue","control","AXIN1",0,17,17,0,0
"tissue","control","TSC2",0,17,17,0,0
"tissue","control","CREBBP",0,17,17,0,0
"tissue","control","SOCS1",0,17,17,0,0
"tissue","control","ERCC4",0,17,17,0,0
"tissue","control","PALB2",0,17,17,0,0
"tissue","control","CBFB",0,17,17,0,0
"tissue","control","CTCF",0,17,17,0,0
"tissue","control","CDH1",0,17,17,0,0
"tissue","control","FANCA",1,17,17,5.88235294117647,5.88235294117647
"tissue","control","TP53",12,17,17,70.5882352941177,70.5882352941177
"tissue","control","ALOX12B",0,17,17,0,0
"tissue","control","AURKB",0,17,17,0,0
"tissue","control","MAP2K4",0,17,17,0,0
"tissue","control","FLCN",0,17,17,0,0
"tissue","control","NF1",0,17,17,0,0
"tissue","control","RAD51D",0,17,17,0,0
"tissue","control","CDK12",0,17,17,0,0
"tissue","control","ERBB2",0,17,17,0,0
"tissue","control","RARA",0,17,17,0,0
"tissue","control","STAT3",0,17,17,0,0
"tissue","control","BRCA1",1,17,17,5.88235294117647,5.88235294117647
"tissue","control","ETV4",0,17,17,0,0
"tissue","control","SPOP",0,17,17,0,0
"tissue","control","RNF43",1,17,17,5.88235294117647,5.88235294117647
"tissue","control","RAD51C",0,17,17,0,0
"tissue","control","BRIP1",1,17,17,5.88235294117647,5.88235294117647
"tissue","control","CD79B",0,17,17,0,0
"tissue","control","GNA13",0,17,17,0,0
"tissue","control","PRKAR1A",0,17,17,0,0
"tissue","control","SOX9",2,17,17,11.7647058823529,11.7647058823529
"tissue","control","RPTOR",0,17,17,0,0
"tissue","control","GATA6",1,17,17,5.88235294117647,5.88235294117647
"tissue","control","SMAD2",1,17,17,5.88235294117647,5.88235294117647
"tissue","control","SMAD4",4,17,17,23.5294117647059,23.5294117647059
"tissue","control","BCL2",0,17,17,0,0
"tissue","control","STK11",0,17,17,0,0
"tissue","control","DOT1L",0,17,17,0,0
"tissue","control","GNA11",0,17,17,0,0
"tissue","control","MAP2K2",0,17,17,0,0
"tissue","control","KEAP1",0,17,17,0,0
"tissue","control","SMARCA4",0,17,17,0,0
"tissue","control","NOTCH3",0,17,17,0,0
"tissue","control","BRD4",0,17,17,0,0
"tissue","control","JAK3",0,17,17,0,0
"tissue","control","PIK3R2",0,17,17,0,0
"tissue","control","MEF2B",0,17,17,0,0
"tissue","control","CCNE1",0,17,17,0,0
"tissue","control","CEBPA",0,17,17,0,0
"tissue","control","AKT2",0,17,17,0,0
"tissue","control","AXL",0,17,17,0,0
"tissue","control","CD79A",0,17,17,0,0
"tissue","control","CIC",0,17,17,0,0
"tissue","control","POLD1",0,17,17,0,0
"tissue","control","PPP2R1A",0,17,17,0,0
"tissue","control","BCL2L1",0,17,17,0,0
"tissue","control","ASXL1",0,17,17,0,0
"tissue","control","SRC",0,17,17,0,0
"tissue","control","ZNF217",0,17,17,0,0
"tissue","control","AURKA",0,17,17,0,0
"tissue","control","GNAS",1,17,17,5.88235294117647,5.88235294117647
"tissue","control","ARFRP1",0,17,17,0,0
"tissue","control","ERG",0,17,17,0,0
"tissue","control","TMPRSS2",0,17,17,0,0
"tissue","control","U2AF1",0,17,17,0,0
"tissue","control","CRKL",0,17,17,0,0
"tissue","control","BCR",0,17,17,0,0
"tissue","control","SMARCB1",1,17,17,5.88235294117647,5.88235294117647
"tissue","control","CHEK2",0,17,17,0,0
"tissue","control","EWSR1",0,17,17,0,0
"tissue","control","NF2",0,17,17,0,0
"tissue","control","EP300",0,17,17,0,0
"tissue","control","BCOR",0,17,17,0,0
"tissue","control","KDM6A",0,17,17,0,0
"tissue","control","RBM10",0,17,17,0,0
"tissue","control","ARAF",0,17,17,0,0
"tissue","control","KDM5C",0,17,17,0,0
"tissue","control","AR",0,17,17,0,0
"tissue","control","MED12",0,17,17,0,0
"tissue","control","ATRX",0,17,17,0,0
"tissue","control","BTK",0,17,17,0,0
"tissue","control","STAG2",0,17,17,0,0
"tissue","control","BCORL1",0,17,17,0,0
"tissue","experimental","TNFRSF14",0,37,37,0,0
"tissue","experimental","ERRFI1",0,37,37,0,0
"tissue","experimental","MTOR",3,37,37,8.10810810810811,8.10810810810811
"tissue","experimental","SPEN",0,37,37,0,0
"tissue","experimental","SDHB",0,37,37,0,0
"tissue","experimental","ARID1A",3,37,37,8.10810810810811,8.10810810810811
"tissue","experimental","MPL",0,37,37,0,0
"tissue","experimental","MUTYH",0,37,37,0,0
"tissue","experimental","RAD54L",1,37,37,2.7027027027027,2.7027027027027
"tissue","experimental","MKNK1",0,37,37,0,0
"tissue","experimental","CDKN2C",1,37,37,2.7027027027027,2.7027027027027
"tissue","experimental","JUN",0,37,37,0,0
"tissue","experimental","JAK1",0,37,37,0,0
"tissue","experimental","FUBP1",0,37,37,0,0
"tissue","experimental","NRAS",0,37,37,0,0
"tissue","experimental","FAM46C",0,37,37,0,0
"tissue","experimental","HSD3B1",0,37,37,0,0
"tissue","experimental","NOTCH2",0,37,37,0,0
"tissue","experimental","MCL1",0,37,37,0,0
"tissue","experimental","NTRK1",1,37,37,2.7027027027027,2.7027027027027
"tissue","experimental","SDHC",0,37,37,0,0
"tissue","experimental","DDR2",1,37,37,2.7027027027027,2.7027027027027
"tissue","experimental","CDC73",0,37,37,0,0
"tissue","experimental","PIK3C2B",0,37,37,0,0
"tissue","experimental","MDM4",0,37,37,0,0
"tissue","experimental","IKBKE",0,37,37,0,0
"tissue","experimental","H3F3A",0,37,37,0,0
"tissue","experimental","PARP1",0,37,37,0,0
"tissue","experimental","FH",0,37,37,0,0
"tissue","experimental","AKT3",0,37,37,0,0
"tissue","experimental","MYCN",0,37,37,0,0
"tissue","experimental","DNMT3A",0,37,37,0,0
"tissue","experimental","ALK",1,37,37,2.7027027027027,2.7027027027027
"tissue","experimental","MSH2",0,37,37,0,0
"tissue","experimental","MSH6",2,37,37,5.40540540540541,5.40540540540541
"tissue","experimental","FANCL",0,37,37,0,0
"tissue","experimental","REL",0,37,37,0,0
"tissue","experimental","XPO1",0,37,37,0,0
"tissue","experimental","MERTK",1,37,37,2.7027027027027,2.7027027027027
"tissue","experimental","PDK1",0,37,37,0,0
"tissue","experimental","NFE2L2",0,37,37,0,0
"tissue","experimental","SF3B1",0,37,37,0,0
"tissue","experimental","CASP8",1,37,37,2.7027027027027,2.7027027027027
"tissue","experimental","IDH1",0,37,37,0,0
"tissue","experimental","ERBB4",0,37,37,0,0
"tissue","experimental","BARD1",0,37,37,0,0
"tissue","experimental","CUL3",0,37,37,0,0
"tissue","experimental","VHL",0,37,37,0,0
"tissue","experimental","PPARG",0,37,37,0,0
"tissue","experimental","RAF1",0,37,37,0,0
"tissue","experimental","TGFBR2",0,37,37,0,0
"tissue","experimental","MLH1",1,37,37,2.7027027027027,2.7027027027027
"tissue","experimental","MYD88",0,37,37,0,0
"tissue","experimental","CTNNB1",0,37,37,0,0
"tissue","experimental","SETD2",0,37,37,0,0
"tissue","experimental","MST1R",0,37,37,0,0
"tissue","experimental","PARP3",0,37,37,0,0
"tissue","experimental","BAP1",0,37,37,0,0
"tissue","experimental","PBRM1",1,37,37,2.7027027027027,2.7027027027027
"tissue","experimental","MITF",0,37,37,0,0
"tissue","experimental","EPHA3",1,37,37,2.7027027027027,2.7027027027027
"tissue","experimental","GSK3B",0,37,37,0,0
"tissue","experimental","EPHB1",1,37,37,2.7027027027027,2.7027027027027
"tissue","experimental","PIK3CB",0,37,37,0,0
"tissue","experimental","FOXL2",0,37,37,0,0
"tissue","experimental","ATR",1,37,37,2.7027027027027,2.7027027027027
"tissue","experimental","TIPARP",0,37,37,0,0
"tissue","experimental","TERC",0,37,37,0,0
"tissue","experimental","PRKCI",0,37,37,0,0
"tissue","experimental","PIK3CA",6,37,37,16.2162162162162,16.2162162162162
"tissue","experimental","SOX2",0,37,37,0,0
"tissue","experimental","KLHL6",0,37,37,0,0
"tissue","experimental","MAP3K13",0,37,37,0,0
"tissue","experimental","ETV5",0,37,37,0,0
"tissue","experimental","BCL6",0,37,37,0,0
"tissue","experimental","FGF12",0,37,37,0,0
"tissue","experimental","FGFR3",0,37,37,0,0
"tissue","experimental","PDGFRA",0,37,37,0,0
"tissue","experimental","KIT",1,37,37,2.7027027027027,2.7027027027027
"tissue","experimental","KDR",0,37,37,0,0
"tissue","experimental","TET2",1,37,37,2.7027027027027,2.7027027027027
"tissue","experimental","INPP4B",1,37,37,2.7027027027027,2.7027027027027
"tissue","experimental","FBXW7",1,37,37,2.7027027027027,2.7027027027027
"tissue","experimental","IRF2",0,37,37,0,0
"tissue","experimental","SDHA",0,37,37,0,0
"tissue","experimental","TERT",0,37,37,0,0
"tissue","experimental","RICTOR",0,37,37,0,0
"tissue","experimental","FGF10",0,37,37,0,0
"tissue","experimental","MAP3K1",1,37,37,2.7027027027027,2.7027027027027
"tissue","experimental","PIK3R1",1,37,37,2.7027027027027,2.7027027027027
"tissue","experimental","APC",9,37,37,24.3243243243243,24.3243243243243
"tissue","experimental","SNCAIP",0,37,37,0,0
"tissue","experimental","CTNNA1",0,37,37,0,0
"tissue","experimental","CSF1R",0,37,37,0,0
"tissue","experimental","PDGFRB",0,37,37,0,0
"tissue","experimental","GABRA6",0,37,37,0,0
"tissue","experimental","NPM1",0,37,37,0,0
"tissue","experimental","FGFR4",0,37,37,0,0
"tissue","experimental","IRF4",0,37,37,0,0
"tissue","experimental","DDR1",0,37,37,0,0
"tissue","experimental","DAXX",0,37,37,0,0
"tissue","experimental","CDKN1A",0,37,37,0,0
"tissue","experimental","CCND3",0,37,37,0,0
"tissue","experimental","VEGFA",0,37,37,0,0
"tissue","experimental","PRDM1",0,37,37,0,0
"tissue","experimental","ROS1",0,37,37,0,0
"tissue","experimental","MYB",0,37,37,0,0
"tissue","experimental","TNFAIP3",0,37,37,0,0
"tissue","experimental","ESR1",0,37,37,0,0
"tissue","experimental","PARK2",0,37,37,0,0
"tissue","experimental","QKI",2,37,37,5.40540540540541,5.40540540540541
"tissue","experimental","CARD11",1,37,37,2.7027027027027,2.7027027027027
"tissue","experimental","PMS2",0,37,37,0,0
"tissue","experimental","RAC1",0,37,37,0,0
"tissue","experimental","IKZF1",0,37,37,0,0
"tissue","experimental","EGFR",0,37,37,0,0
"tissue","experimental","HGF",0,37,37,0,0
"tissue","experimental","GRM3",0,37,37,0,0
"tissue","experimental","CDK6",0,37,37,0,0
"tissue","experimental","EPHB4",0,37,37,0,0
"tissue","experimental","MET",0,37,37,0,0
"tissue","experimental","SMO",0,37,37,0,0
"tissue","experimental","BRAF",37,37,37,100,100
"tissue","experimental","KEL",1,37,37,2.7027027027027,2.7027027027027
"tissue","experimental","EZH2",1,37,37,2.7027027027027,2.7027027027027
"tissue","experimental","XRCC2",0,37,37,0,0
"tissue","experimental","GATA4",0,37,37,0,0
"tissue","experimental","ZNF703",0,37,37,0,0
"tissue","experimental","FGFR1",0,37,37,0,0
"tissue","experimental","LYN",0,37,37,0,0
"tissue","experimental","NBN",1,37,37,2.7027027027027,2.7027027027027
"tissue","experimental","RSPO2",0,37,37,0,0
"tissue","experimental","MYC",6,37,37,16.2162162162162,16.2162162162162
"tissue","experimental","JAK2",0,37,37,0,0
"tissue","experimental","CD274",0,37,37,0,0
"tissue","experimental","PDCD1LG2",0,37,37,0,0
"tissue","experimental","CDKN2A",3,37,37,8.10810810810811,8.10810810810811
"tissue","experimental","CDKN2B",0,37,37,0,0
"tissue","experimental","TEK",0,37,37,0,0
"tissue","experimental","FANCG",0,37,37,0,0
"tissue","experimental","PAX5",0,37,37,0,0
"tissue","experimental","GNAQ",0,37,37,0,0
"tissue","experimental","NTRK2",0,37,37,0,0
"tissue","experimental","SYK",0,37,37,0,0
"tissue","experimental","FANCC",0,37,37,0,0
"tissue","experimental","PTCH1",0,37,37,0,0
"tissue","experimental","ABL1",0,37,37,0,0
"tissue","experimental","TSC1",0,37,37,0,0
"tissue","experimental","NOTCH1",1,37,37,2.7027027027027,2.7027027027027
"tissue","experimental","GATA3",0,37,37,0,0
"tissue","experimental","RET",0,37,37,0,0
"tissue","experimental","PTEN",4,37,37,10.8108108108108,10.8108108108108
"tissue","experimental","FAS",2,37,37,5.40540540540541,5.40540540540541
"tissue","experimental","SUFU",0,37,37,0,0
"tissue","experimental","CYP17A1",0,37,37,0,0
"tissue","experimental","FGFR2",0,37,37,0,0
"tissue","experimental","HRAS",0,37,37,0,0
"tissue","experimental","IGF2",1,37,37,2.7027027027027,2.7027027027027
"tissue","experimental","WT1",0,37,37,0,0
"tissue","experimental","MEN1",0,37,37,0,0
"tissue","experimental","CCND1",1,37,37,2.7027027027027,2.7027027027027
"tissue","experimental","FGF19",1,37,37,2.7027027027027,2.7027027027027
"tissue","experimental","FGF4",1,37,37,2.7027027027027,2.7027027027027
"tissue","experimental","FGF3",1,37,37,2.7027027027027,2.7027027027027
"tissue","experimental","MRE11A",1,37,37,2.7027027027027,2.7027027027027
"tissue","experimental","ATM",2,37,37,5.40540540540541,5.40540540540541
"tissue","experimental","SDHD",0,37,37,0,0
"tissue","experimental","CBL",0,37,37,0,0
"tissue","experimental","CHEK1",0,37,37,0,0
"tissue","experimental","KDM5A",1,37,37,2.7027027027027,2.7027027027027
"tissue","experimental","RAD52",0,37,37,0,0
"tissue","experimental","CCND2",0,37,37,0,0
"tissue","experimental","FGF23",0,37,37,0,0
"tissue","experimental","FGF6",0,37,37,0,0
"tissue","experimental","ETV6",0,37,37,0,0
"tissue","experimental","CDKN1B",1,37,37,2.7027027027027,2.7027027027027
"tissue","experimental","PIK3C2G",0,37,37,0,0
"tissue","experimental","KRAS",0,37,37,0,0
"tissue","experimental","ACVR1B",1,37,37,2.7027027027027,2.7027027027027
"tissue","experimental","ERBB3",0,37,37,0,0
"tissue","experimental","CDK4",0,37,37,0,0
"tissue","experimental","MDM2",0,37,37,0,0
"tissue","experimental","BTG1",0,37,37,0,0
"tissue","experimental","IGF1",0,37,37,0,0
"tissue","experimental","PTPN11",0,37,37,0,0
"tissue","experimental","TBX3",0,37,37,0,0
"tissue","experimental","HNF1A",1,37,37,2.7027027027027,2.7027027027027
"tissue","experimental","POLE",0,37,37,0,0
"tissue","experimental","CDK8",2,37,37,5.40540540540541,5.40540540540541
"tissue","experimental","FLT3",1,37,37,2.7027027027027,2.7027027027027
"tissue","experimental","FLT1",0,37,37,0,0
"tissue","experimental","BRCA2",1,37,37,2.7027027027027,2.7027027027027
"tissue","experimental","RB1",1,37,37,2.7027027027027,2.7027027027027
"tissue","experimental","DIS3",2,37,37,5.40540540540541,5.40540540540541
"tissue","experimental","FGF14",1,37,37,2.7027027027027,2.7027027027027
"tissue","experimental","IRS2",0,37,37,0,0
"tissue","experimental","CUL4A",0,37,37,0,0
"tissue","experimental","PARP2",0,37,37,0,0
"tissue","experimental","BCL2L2",0,37,37,0,0
"tissue","experimental","NFKBIA",0,37,37,0,0
"tissue","experimental","NKX2",0,37,37,0,0
"tissue","experimental","RAD51B",1,37,37,2.7027027027027,2.7027027027027
"tissue","experimental","AKT1",1,37,37,2.7027027027027,2.7027027027027
"tissue","experimental","RAD51",0,37,37,0,0
"tissue","experimental","LTK",0,37,37,0,0
"tissue","experimental","TYRO3",0,37,37,0,0
"tissue","experimental","FGF7",0,37,37,0,0
"tissue","experimental","MAP2K1",0,37,37,0,0
"tissue","experimental","NTRK3",2,37,37,5.40540540540541,5.40540540540541
"tissue","experimental","IDH2",0,37,37,0,0
"tissue","experimental","IGF1R",0,37,37,0,0
"tissue","experimental","AXIN1",0,37,37,0,0
"tissue","experimental","TSC2",0,37,37,0,0
"tissue","experimental","CREBBP",1,37,37,2.7027027027027,2.7027027027027
"tissue","experimental","SOCS1",0,37,37,0,0
"tissue","experimental","ERCC4",1,37,37,2.7027027027027,2.7027027027027
"tissue","experimental","PALB2",1,37,37,2.7027027027027,2.7027027027027
"tissue","experimental","CBFB",0,37,37,0,0
"tissue","experimental","CTCF",0,37,37,0,0
"tissue","experimental","CDH1",0,37,37,0,0
"tissue","experimental","FANCA",0,37,37,0,0
"tissue","experimental","TP53",33,37,37,89.1891891891892,89.1891891891892
"tissue","experimental","ALOX12B",0,37,37,0,0
"tissue","experimental","AURKB",0,37,37,0,0
"tissue","experimental","MAP2K4",2,37,37,5.40540540540541,5.40540540540541
"tissue","experimental","FLCN",0,37,37,0,0
"tissue","experimental","NF1",1,37,37,2.7027027027027,2.7027027027027
"tissue","experimental","RAD51D",0,37,37,0,0
"tissue","experimental","CDK12",0,37,37,0,0
"tissue","experimental","ERBB2",0,37,37,0,0
"tissue","experimental","RARA",0,37,37,0,0
"tissue","experimental","STAT3",0,37,37,0,0
"tissue","experimental","BRCA1",3,37,37,8.10810810810811,8.10810810810811
"tissue","experimental","ETV4",0,37,37,0,0
"tissue","experimental","SPOP",0,37,37,0,0
"tissue","experimental","RNF43",15,37,37,40.5405405405405,40.5405405405405
"tissue","experimental","RAD51C",0,37,37,0,0
"tissue","experimental","BRIP1",0,37,37,0,0
"tissue","experimental","CD79B",0,37,37,0,0
"tissue","experimental","GNA13",0,37,37,0,0
"tissue","experimental","PRKAR1A",0,37,37,0,0
"tissue","experimental","SOX9",1,37,37,2.7027027027027,2.7027027027027
"tissue","experimental","RPTOR",0,37,37,0,0
"tissue","experimental","GATA6",1,37,37,2.7027027027027,2.7027027027027
"tissue","experimental","SMAD2",1,37,37,2.7027027027027,2.7027027027027
"tissue","experimental","SMAD4",17,37,37,45.945945945946,45.945945945946
"tissue","experimental","BCL2",0,37,37,0,0
"tissue","experimental","STK11",0,37,37,0,0
"tissue","experimental","DOT1L",0,37,37,0,0
"tissue","experimental","GNA11",0,37,37,0,0
"tissue","experimental","MAP2K2",0,37,37,0,0
"tissue","experimental","KEAP1",0,37,37,0,0
"tissue","experimental","SMARCA4",0,37,37,0,0
"tissue","experimental","NOTCH3",2,37,37,5.40540540540541,5.40540540540541
"tissue","experimental","BRD4",1,37,37,2.7027027027027,2.7027027027027
"tissue","experimental","JAK3",0,37,37,0,0
"tissue","experimental","PIK3R2",0,37,37,0,0
"tissue","experimental","MEF2B",0,37,37,0,0
"tissue","experimental","CCNE1",0,37,37,0,0
"tissue","experimental","CEBPA",0,37,37,0,0
"tissue","experimental","AKT2",0,37,37,0,0
"tissue","experimental","AXL",0,37,37,0,0
"tissue","experimental","CD79A",0,37,37,0,0
"tissue","experimental","CIC",2,37,37,5.40540540540541,5.40540540540541
"tissue","experimental","POLD1",0,37,37,0,0
"tissue","experimental","PPP2R1A",0,37,37,0,0
"tissue","experimental","BCL2L1",0,37,37,0,0
"tissue","experimental","ASXL1",2,37,37,5.40540540540541,5.40540540540541
"tissue","experimental","SRC",0,37,37,0,0
"tissue","experimental","ZNF217",2,37,37,5.40540540540541,5.40540540540541
"tissue","experimental","AURKA",2,37,37,5.40540540540541,5.40540540540541
"tissue","experimental","GNAS",2,37,37,5.40540540540541,5.40540540540541
"tissue","experimental","ARFRP1",1,37,37,2.7027027027027,2.7027027027027
"tissue","experimental","ERG",0,37,37,0,0
"tissue","experimental","TMPRSS2",0,37,37,0,0
"tissue","experimental","U2AF1",0,37,37,0,0
"tissue","experimental","CRKL",0,37,37,0,0
"tissue","experimental","BCR",0,37,37,0,0
"tissue","experimental","SMARCB1",0,37,37,0,0
"tissue","experimental","CHEK2",0,37,37,0,0
"tissue","experimental","EWSR1",0,37,37,0,0
"tissue","experimental","NF2",0,37,37,0,0
"tissue","experimental","EP300",0,37,37,0,0
"tissue","experimental","BCOR",2,37,37,5.40540540540541,5.40540540540541
"tissue","experimental","KDM6A",0,37,37,0,0
"tissue","experimental","RBM10",0,37,37,0,0
"tissue","experimental","ARAF",0,37,37,0,0
"tissue","experimental","KDM5C",0,37,37,0,0
"tissue","experimental","AR",0,37,37,0,0
"tissue","experimental","MED12",0,37,37,0,0
"tissue","experimental","ATRX",0,37,37,0,0
"tissue","experimental","BTK",0,37,37,0,0
"tissue","experimental","STAG2",0,37,37,0,0
"tissue","experimental","BCORL1",3,37,37,8.10810810810811,8.10810810810811
