FMI SAMPLE ID,DATE SENT,PASS/QUALIFIED STATUS,QUALIFIED REASON,SUBJECT ID,SAMPLE ID,DISEASE,MEDIAN EXON COVERAGE,BAITSET,MSI SCORE,MSI STATUS,TMB SCORE,"KNOWN SOMATIC SHORT-VARIANTS (PERCENT-READS, COVERAGE)","LIKELY SOMATIC SHORT-VARIANTS (PERCENT-READS, COVERAGE)","HIGH-LEVEL (CN>8) AND FOCAL (CN>5) AMPLIFICATIONS OF GENES KNOWN TO BE RECURRENTLY AMPLIFIED IN CANCER (COPY-NUMBER, EXONS)","NON-FOCAL LOWER-LEVEL (CN<=8) AMPLIFICATIONS OF GENES KNOWN TO BE RECURRENTLY AMPLIFIED IN CANCER (COPY-NUMBER, EXONS)","HOMOZYGOUS DELETIONS OF GENES KNOWN TO BE RECURRENTLY DELETED IN CANCER (0,EXONS)","LIKELY FUNCTIONAL REARRANGEMENTS (e.g., GENE FUSIONS) (GENE1_GENE2_GENOMIC EVENT DESCRIPTION_SUPPORTING-READS)","SHORT VARIANTS OF UNKNOWN SIGNIFICANCE (PERCENT-READS, COVERAGE)","OBSERVED COPY NUMBER GAINS IN OTHER GENES (COPY-NUMBER, EXONS)","OTHER HOMOZYGOUS GENE DELETIONS (0,EXONS)",NOVEL REARRANGEMENTS OF UNKNOWN SIGNIFICANCE (GENE1_GENE2_GENOMIC EVENT DESCRIPTION_SUPPORTING-READS),FMI COMMENTS
ORD-0806538-01,MM/DD/YYYY,Pass,-,4441,06110001C,Colon adenocarcinoma (CRC),856,T7,3.8911,MSS,6.14,"APC_c.4666_4667insA_p.T1556fs*3(16.44,724), BRAF_c.1799T>A_p.V600E(24.92,923), TP53_c.916C>T_p.R306*(33.03,987), SMAD4_c.1081C>T_p.R361C(21.42,761)","BCORL1_c.1825C>T_p.R609*(12.37,994)","MYST3_amplification(9,16 of 16)",none,none,MSH6_FBXO11_truncation_69,"SETD2_c.4037G>T_p.G1346V(48.55,1139), EPHB1_c.1566C>G_p.C522W(22.09,892), PIK3CB_c.2941C>T_p.R981W(49.04,779), IRS2_c.2507A>G_p.E836G(56.63,724), FGF6_c.410T>A_p.L137H(53.02,845), MED12_c.6359_6360insCCAGCAGCAACA_p.Q2119_Q2120insHQQQ(39.88,998), DNMT3A_c.176C>T_p.P59L(34.14,580), NSD1_c.4858G>A_p.V1620I(50.18,817), NF2_c.215T>C_p.V72A(47.41,772), REL_c.1036C>A_p.P346T(25.00,832), FANCA_c.2390C>T_p.A797V(51.35,849), IGF1R_c.1216C>T_p.R406C(22.33,918)",none,none,none,
ORD-0806539-01,MM/DD/YYYY,Pass,-,3681,06110044C,Colon adenocarcinoma (CRC),671,T7,5.1459,MSS,5.26,"FBXW7_c.1634A>G_p.Y545C(21.40,570), FBXW7_c.1513C>A_p.R505S(10.61,792), PDGFRA_c.1495G>A_p.V499M(49.32,955), APC_c.4348C>T_p.R1450*(17.98,812), AKT1_c.49G>A_p.E17K(34.85,373), BRAF_c.1799T>A_p.V600E(18.74,603), TP53_c.743G>A_p.R248Q(37.30,555), TGFBR2_c.1609C>T_p.R537C(21.77,634), APC_c.4393_4394delAG_p.S1465fs*3(15.69,854)","SOX9_c.694delC_p.Q232fs*21(11.76,697)",none,none,none,none,"GATA2_c.481C>G_p.P161A(46.84,585), RET_c.2906G>A_p.R969Q(17.52,685), ALK_c.4682C>T_p.S1561L(17.75,890), EPHA3_c.1739G>T_p.R580I(38.01,1005), DNMT3A_c.977G>T_p.R326L(5.47,457), FAT3_c.6191G>A_p.R2064H(15.45,783), NOTCH4_c.3571T>C_p.C1191R(29.88,666), TOP2A_c.2539_2546delATGGTGCT_p.M847fs*5(19.01,789)",none,none,PARP4_PARP4_rearrangement_69,
ORD-0806540-01,MM/DD/YYYY,Pass,-,5044,06110052C,Colon adenocarcinoma (CRC),712,T7,1.9310,MSS,1.75,"TP53_c.916C>T_p.R306*(43.96,828), BRAF_c.1799T>A_p.V600E(44.35,1044)",none,none,none,none,none,"ARID1B_c.121_123delTCC_p.S41del(25.87,344), MLL3_c.2389C>A_p.L797M(7.12,969), FANCE_c.317G>A_p.R106Q(17.67,651), RAD50_c.379G>A_p.V127I(55.99,918), CDKN1B_c.20C>G_p.S7C(50.78,577), BRCA2_c.1769T>G_p.F590C(50.33,1055), EPHA7_c.400A>G_p.T134A(44.92,817), NCOR1_c.469T>C_p.S157P(10.13,612), AXIN1_c.787C>A_p.P263T(77.95,889), MERTK_c.791C>G_p.A264G(60.28,919), BRCA2_c.9839C>A_p.P3280H(47.63,1350)","INHBA_amplification(6,2 of 2), NUDT1_amplification(6,4 of 4), CARD11_amplification(6,24 of 24), PMS2_amplification(6,15 of 15), RAC1_amplification(6,7 of 7), IKZF1_amplification(6,7 of 7)",none,none,
ORD-0806541-01,MM/DD/YYYY,Pass,-,3003,06110053B,Colon adenocarcinoma (CRC),765,T7,1.0251,MSS,7.90,"TP53_c.527G>T_p.C176F(51.69,681), BRAF_c.1799T>A_p.V600E(26.08,924)",none,none,none,"SMAD4_loss(0,11 of 11)",MSH6_FBXO11_truncation_20,"GRIN2A_c.3190A>G_p.T1064A(23.85,759), KDR_c.43G>A_p.V15M(14.68,545), HSD3B1_c.258T>G_p.I86M(69.17,399), MLL3_c.12655C>G_p.L4219V(47.94,1020), PMS2_c.712A>G_p.S238G(40.00,430), BLM_c.1936A>G_p.S646G(45.98,796), IRS2_c.2104_2105insCCG_p.A701_V702insA(38.76,614), PIK3CG_c.1631G>A_p.R544Q(12.12,817), BRCA1_c.3098A>T_p.E1033V(76.79,965), MUTYH_c.974G>T_p.C325F(14.65,621), ARID1B_c.736G>A_p.G246S(55.07,414), AR_c.1999G>T_p.G667C(50.97,412), TNKS_c.2744G>A_p.R915K(46.60,751), LTK_c.1621G>A_p.V541I(44.67,582), CIC_c.4790C>A_p.P1597Q(60.07,273), FAT3_c.626C>T_p.T209M(50.05,911)",none,none,"KEAP1_DNM2_rearrangement_10, HGF_HGF_rearrangement_38",
ORD-0806542-01,MM/DD/YYYY,Pass,-,5561,06110076B,Colon adenocarcinoma (CRC),935,T7,2.7399,MSS,15.79,"BRAF_c.1799T>A_p.V600E(25.49,1016), MTOR_c.6644C>T_p.S2215F(29.35,971), APC_c.4666_4667insA_p.T1556fs*3(27.96,794), DDR2_c.995G>A_p.R332Q(28.20,1305), TP53_c.818G>A_p.R273H(34.39,1384)",none,none,none,none,none,"CCNE1_c.247G>C_p.D83H(65.79,1070), PREX2_c.4603C>T_p.R1535W(64.22,914), PRKDC_c.3779T>C_p.L1260P(17.10,959), ERBB4_c.3659A>C_p.E1220A(13.38,1069), INPP4B_c.992G>T_p.S331I(67.64,581), PAK3_c.1631G>A_p.R544H(51.23,609), FAT3_c.1700G>A_p.R567Q(62.34,725), TP53BP1_c.2188A>G_p.K730E(17.46,865), PIK3CB_c.2411T>G_p.F804C(18.06,526), ERCC4_c.1960T>G_p.L654V(19.91,1105), TP53BP1_c.2097A>C_p.Q699H(19.45,982), MYST3_c.5525C>T_p.T1842M(35.67,1225), EPHA7_c.628G>C_p.E210Q(29.99,927), BRAF_c.857T>G_p.L286R(13.24,876), LRP1B_c.11616T>A_p.N3872K(9.25,530), BRD4_c.3281A>G_p.Q1094R(12.02,1406), ERBB4_c.2131C>G_p.R711G(16.48,965), SPEN_c.5351A>C_p.E1784A(16.21,1271), TOP2A_c.1550A>G_p.Q517R(21.63,615), FGFR3_c.302A>G_p.H101R(19.94,642), IRF4_c.1212+1G>A_p.splice site 1212+1G>A(16.87,1126), SPEN_c.212A>C_p.D71A(31.21,1400), REL_c.970A>C_p.T324P(55.78,147)","SMARCA4_amplification(6,34 of 35), SMAD2_amplification(23,9 of 10), KEAP1_amplification(6,5 of 5)",none,CCNE1_PTPN2_rearrangement_12,
ORD-0806543-01,MM/DD/YYYY,Pass,-,5046,06110099C,Colon adenocarcinoma (CRC),816,T7,1.1073,MSS,5.26,"TP53_c.267_268insC_p.S90fs*59(41.57,789), SMAD4_c.1051G>A_p.D351N(29.07,994), BRAF_c.1799T>A_p.V600E(21.20,1014), APC_c.4666_4667insA_p.T1556fs*3(25.51,780)","SMAD2_c.1063delA_p.I355fs*28(5.71,770), FAM123B_c.871delG_p.E291fs*3(20.63,756)",none,none,none,none,"SPEN_c.6064G>A_p.G2022S(27.45,663), EP300_c.6627_6638delCCAGTTCCAGCA_p.N2209_Q2213>K(69.93,582), SPTA1_c.33G>C_p.E11D(51.36,880), ATM_c.3478G>C_p.V1160L(23.99,1259), RAC1_c.481_482AC>CT_p.T161L(12.43,748), MLL2_c.7919C>T_p.S2640F(21.96,879), PIK3R1_c.199G>A_p.G67R(30.39,849), TEK_c.1760A>G_p.D587G(48.41,1103), FGFR1_c.1388A>G_p.Y463C(46.00,687), PIK3C2G_c.205C>T_p.P69S(48.31,1095), APC_c.7793C>A_p.T2598N(65.35,785), IKZF1_c.973G>A_p.E325K(18.36,452), SPTA1_c.7104G>T_p.K2368N(49.14,753), MITF_c.549G>T_p.M183I(57.74,795)",none,none,PAX5_PAX5_rearrangement_15,
ORD-0806544-01,MM/DD/YYYY,Pass,-,5685,06110106B,Colon adenocarcinoma (CRC),826,T7,2.4350,MSS,5.26,"APC_c.1495C>T_p.R499*(43.84,657), BRAF_c.1799T>A_p.V600E(33.61,836), TP53_c.818G>A_p.R273H(33.39,1171), ALK_c.3626G>A_p.R1209Q(7.52,1050), APC_c.4348C>T_p.R1450*(26.26,990)",none,none,"FGF14_amplification(6,6 of 6), CUL4A_amplification(6,20 of 20), IRS2_amplification(6,5 of 5)",none,none,"LZTR1_c.710G>A_p.R237Q(74.01,658), FAM123B_c.1724G>A_p.R575Q(51.71,876), BRCA2_c.8003G>A_p.R2668K(22.58,846), KDR_c.2159G>A_p.R720Q(48.57,803), SMAD3_c.715G>A_p.E239K(9.06,640), JUN_c.692C>T_p.T231I(23.14,726), PDGFRA_c.296C>A_p.T99N(29.95,965), NOTCH1_c.6910T>G_p.L2304V(47.69,650), TP53BP1_c.5746G>A_p.V1916I(25.05,535), MED12_c.5455G>A_p.D1819N(20.61,718), MLL2_c.13138C>A_p.P4380T(51.02,639), SDHA_c.1786G>C_p.D596H(58.70,1046), RANBP2_c.2212C>T_p.P738S(30.00,60), RB1_c.16C>T_p.P6S(71.26,1075)",none,none,none,
ORD-0806545-01,MM/DD/YYYY,Pass,-,2962,06110109B,Colon adenocarcinoma (CRC),904,T7,2.7304,MSS,1.75,"TP53_c.844C>T_p.R282W(25.83,1049), BRAF_c.1799T>A_p.V600E(17.46,922), SMAD4_c.431C>G_p.S144*(11.15,870)",none,none,none,"PTEN_loss(0,9 of 9)",none,"RET_c.2372A>T_p.Y791F(66.67,627), MLL3_c.2410C>G_p.L804V(6.46,960), MLH1_c.977T>C_p.V326A(39.33,623), NTRK1_c.2243G>A_p.R748Q(17.32,560), MED12_c.6359_6360insCCAGCAGCAACA_p.Q2119_Q2120insHQQQ(66.61,557), CDKN2B_c.256G>A_p.D86N(39.74,755)",none,none,none,
ORD-0806546-01,MM/DD/YYYY,Qualified,NOISY_CNA_DATA,7203,06110135B,Colon adenocarcinoma (CRC),557,T7,1.9867,MSS,0.88,"BRAF_c.1799T>A_p.V600E(20.11,537), SMAD4_c.1081C>T_p.R361C(21.10,545)",none,none,none,none,none,"C17orf39_c.206T>C_p.V69A(46.98,381), CDH2_c.581G>A_p.R194Q(5.91,389), GNA13_c.412G>C_p.E138Q(51.34,561), FLT4_c.619G>A_p.E207K(21.43,686), LRP1B_c.13516G>A_p.D4506N(52.49,341), BRIP1_c.577G>A_p.V193I(47.26,438), HSD3B1_c.258T>G_p.I86M(53.63,578), EPHB1_c.104C>T_p.T35M(51.72,841), TERT_c.-174G>A_p.promoter -174G>A(17.35,98)",none,none,none,
ORD-0806548-01,MM/DD/YYYY,Pass,-,4442,06110142C,Colon adenocarcinoma (CRC),816,T7,-41.3297,MSI-H,30.71,"QKI_c.401delA_p.K134fs*14(18.14,871), EPHB1_c.235C>T_p.R79W(4.26,916), CARD11_c.688G>A_p.D230N(19.12,748), KIT_c.611T>C_p.V204A(19.36,754), HNF1A_c.872delC_p.P291fs*51(20.71,623), PIK3CA_c.1258T>C_p.C420R(2.16,696), RNF43_c.1976delG_p.G659fs*41(16.91,940), PIK3CA_c.331A>G_p.K111E(19.96,1067), BRAF_c.1799T>A_p.V600E(20.69,749)","RNF43_c.349delC_p.R117fs*41(19.67,671), CDKN2A_c.292C>T_p.R98*(1.86,807), RNF43_c.109_110insC_p.E37fs*3(18.60,903), MLH1_c.998_999insA_p.L334fs*28(18.35,643), NOTCH3_c.5404_5405insG_p.A1802fs*8(14.80,892), ATR_c.5440delA_p.R1814fs*10(16.64,763), ATM_c.4800_4803delAAGT_p.S1601fs*7(17.85,829), SLIT2_c.775+1G>C_p.splice site 775+1G>C(19.12,910), BCORL1_c.5042delC_p.P1681fs*20(20.32,571), BRCA2_c.5073_5074insA_p.W1692fs*3(27.65,1389), CIC_c.404_405insC_p.G136fs*8(16.98,630), NBN_c.1396delA_p.R466fs*18(17.22,778)",none,none,none,none,"NBN_c.1849G>A_p.E617K(50.80,750), REL_c.1161_1163delCTA_p.Y388del(20.13,894), PAX5_c.1100G>A_p.G367D(21.01,533), PLCG2_c.1010G>A_p.R337Q(20.34,698), NOTCH1_c.7545G>T_p.E2515D(5.27,816), IGF2_c.305C>T_p.P102L(19.71,477), BCL2_c.340G>A_p.E114K(24.58,826), FGF19_c.286C>T_p.H96Y(24.04,653), IGF2R_c.1281G>C_p.M427I(49.95,955), FAT1_c.10330A>G_p.N3444D(19.82,797), FAM123B_c.2222C>A_p.P741H(21.68,858), MLL2_c.4312G>A_p.D1438N(17.56,706), ZNF217_c.1852C>A_p.P618T(21.17,1200), TP53BP1_c.5501G>A_p.S1834N(21.38,898), FAT1_c.8612C>T_p.T2871I(51.56,1183), CDH2_c.680G>A_p.R227H(18.76,789), ABL1_c.2941G>A_p.V981I(8.38,692), FANCD2_c.4115A>G_p.K1372R(48.64,773), SDHA_c.737G>T_p.R246L(16.46,723), PREX2_c.2873G>T_p.R958I(21.81,853), RET_c.166C>A_p.L56M(47.18,674), RBM10_c.1149G>T_p.K383N(8.35,659), RAF1_c.327delA_p.A110fs*3(18.21,983), CSF1R_c.1891A>G_p.M631V(19.16,663), KDM5A_c.3597delA_p.G1200fs*9(17.54,1197), MET_c.3530C>T_p.T1177I(16.46,966), ZNRF3_c.149delG_p.G50fs*19(18.60,812), FOXL2_c.571C>T_p.P191S(22.84,359), ROS1_c.1885A>G_p.I629V(47.61,985), C17orf39_c.320C>A_p.P107Q(21.20,533), JAK1_c.1105T>G_p.F369V(19.23,967), MLL2_c.3925C>T_p.P1309S(22.29,628), GNAS_c.31C>T_p.R11C(22.57,567), FAT1_c.10375G>A_p.V3459M(50.59,844), ESR1_c.464A>G_p.D155G(20.94,912), BLM_c.646G>A_p.E216K(21.28,1081)",none,none,none,
ORD-0806549-01,MM/DD/YYYY,Pass,-,2804,06110187B,Colon adenocarcinoma (CRC),879,T7,-27.3993,MSI-H,33.34,"AXIN1_c.234delC_p.T79fs*5(12.44,820), ARID2_c.854G>A_p.R285Q(9.69,1115), PIK3CA_c.1624G>A_p.E542K(10.16,758), BRAF_c.1799T>A_p.V600E(18.80,936), RNF43_c.1976delG_p.G659fs*41(20.73,1047)","FANCE_c.436_437insG_p.V146fs*13(8.38,859), ARID1B_c.3389delA_p.K1130fs*68(9.68,1116), CREBBP_c.3623_3624insC_p.Q1209fs*25(12.13,775), SPEN_c.7484delC_p.P2495fs*4(10.89,937), CDKN1B_c.72delC_p.K25fs*17(10.53,826), CIC_c.3956delC_p.P1319fs*13(8.99,623), WT1_c.199C>T_p.Q67*(5.77,260), MLL2_c.10982delG_p.G3661fs*88(10.01,799), SDHA_c.712_713delTG_p.C238fs*82(10.20,980)",none,none,none,none,"NUDT1_c.254_255AC>CCACT_p.D85>AT(41.50,559), LRP1B_c.4730T>G_p.L1577R(8.32,697), PRKDC_c.7535A>T_p.D2512V(8.10,1161), FOXP1_c.331C>T_p.P111S(9.28,754), NOTCH1_c.4732G>C_p.V1578L(7.92,568), HGF_c.189_190insA_p.V64fs*9(14.44,997), IRF2_c.19C>T_p.R7C(9.10,813), CTNNA1_c.1637G>A_p.R546Q(11.79,806), FGFR1_c.1300A>G_p.S434G(11.38,615), EPHA5_c.572G>A_p.R191H(7.33,1228), MSH2_c.2410G>A_p.A804T(10.45,1072), ASXL1_c.599G>A_p.G200D(14.25,449), ARID2_c.1298G>T_p.C433F(9.64,913), IKBKE_c.1556G>T_p.S519I(10.18,982), NSD1_c.5777C>A_p.P1926H(13.25,1011), ZNRF3_c.697T>C_p.C233R(10.31,737), TAF1_c.5009A>G_p.N1670S(48.14,941), CARD11_c.2543G>A_p.R848H(16.98,689), ALK_c.3692G>A_p.R1231Q(49.40,751), PAK3_c.1406G>T_p.R469M(9.68,651), IGF2R_c.6296C>T_p.T2099M(11.14,862), ZNF703_c.1540G>T_p.A514S(11.08,361), PLCG2_c.1474A>G_p.T492A(7.46,845), GLI1_c.151delC_p.H51fs*27(8.15,982), AXIN1_c.1523_1524insG_p.A509fs*82(10.40,683), PARP2_c.964C>T_p.R322W(10.51,942), ARID1A_c.6070C>T_p.R2024W(11.25,1315), MLL3_c.671T>C_p.L224P(53.92,970), ARID1A_c.6491G>A_p.R2164Q(21.63,1008), MTOR_c.301G>A_p.A101T(10.42,643), PHLPP2_c.524T>C_p.V175A(49.44,714), CYP17A1_c.1069A>G_p.I357V(9.40,745), TET2_c.1599G>A_p.M533I(51.06,893), MYST3_c.4145C>T_p.T1382M(10.11,1128), KDR_c.2314G>A_p.A772T(9.14,864), NCOR1_c.2249C>T_p.A750V(10.24,1045), IGF1R_c.538G>T_p.D180Y(10.38,886), MST1R_c.4162C>T_p.R1388C(11.64,713), DNMT3A_c.2629G>A_p.V877I(12.03,773), BCL2L2_c.397_398CA>TG_p.Q133W(47.11,849), LZTR1_c.1109G>A_p.G370D(11.87,691), TP53BP1_c.908A>G_p.Q303R(48.28,899), FAT3_c.3610C>A_p.L1204M(7.97,928), PTCH1_c.4151C>T_p.P1384L(10.34,677), KEAP1_c.1559A>G_p.Y520C(49.25,798), PMS2_c.1352G>C_p.R451T(46.24,958)",none,none,none,
ORD-0806550-01,MM/DD/YYYY,Qualified,NOISY_CNA_DATA,7802,06110196B,Colon adenocarcinoma (CRC),534,T7,-1.4512,MSS,3.51,"BRAF_c.1799T>A_p.V600E(11.44,787), APC_c.4348C>T_p.R1450*(9.98,501), NTRK3_c.1375C>T_p.R459W(6.78,457)","TP53_c.693_694insCC_p.I232fs*16(20.54,297), APC_c.3405T>A_p.Y1135*(18.64,574)",none,none,none,none,"GATA4_c.847C>T_p.R283C(7.07,283), MKNK2_c.1111delT_p.C371fs*42(13.45,714), PALB2_c.3103A>G_p.I1035V(46.27,456), MLL2_c.3572C>T_p.P1191L(51.52,394), FAT1_c.2666A>G_p.H889R(42.44,966), IKBKE_c.763G>A_p.G255R(6.33,379), FLT4_c.496A>C_p.N166H(53.48,187)",none,none,none,
ORD-0806551-01,MM/DD/YYYY,Pass,-,4724,06110208C,Colon adenocarcinoma (CRC),878,T7,3.6022,MSS,10.53,"TP53_c.455_456insC_p.P153fs*28(37.78,622), BRAF_c.1799T>A_p.V600E(43.24,895)",none,none,none,none,none,"GALNT12_c.1564G>A_p.E522K(71.25,901), GEN1_c.749C>T_p.P250L(24.65,1075), GRIN2A_c.2489T>A_p.L830H(12.31,918), ERCC4_c.63G>C_p.Q21H(46.82,724), NUP93_c.2057A>G_p.D686G(21.55,919), POLE_c.5083G>C_p.G1695R(34.30,825), ERBB2_c.3457C>T_p.R1153*(24.58,541), CDKN2B_c.190G>T_p.A64S(72.79,430), PIK3C2B_c.4384C>T_p.P1462S(52.28,1052), GREM1_c.103C>G_p.P35A(57.43,841), NOTCH4_c.5755_5756GG>AC_p.G1919T(19.02,410), IGF1_c.19C>T_p.L7F(41.50,1135), SLIT2_c.3838T>C_p.Y1280H(19.56,823), TRRAP_c.1727T>C_p.I576T(71.67,879), DDR1_c.1319G>A_p.R440Q(24.03,516), TNKS_c.620T>C_p.V207A(18.74,731)",none,none,TOP2A_N/A_rearrangement_120,
ORD-0806552-01,MM/DD/YYYY,Pass,-,4566,06110221B,Colon adenocarcinoma (CRC),943,T7,4.3081,MSS,4.39,"PIK3CA_c.1624G>A_p.E542K(20.45,758), BRAF_c.1799T>A_p.V600E(20.96,997)","TP53_c.333_334insTCCGTCTG_p.G112fs*14(19.55,941)","AURKA_amplification(7,8 of 8), ZNF217_amplification(7,4 of 4), GNAS_amplification(7,15 of 15)",none,none,RNF43_N/A_truncation_101,"DDR2_c.908A>T_p.Q303L(9.86,1146), RAD51C_c.73G>A_p.V25M(62.66,557), RNF43_c.1398_1433del36_p.S467_S478del(19.29,762), VHL_c.308C>T_p.P103L(65.01,483), NOTCH1_c.5776C>T_p.R1926C(20.67,750), ASXL1_c.3791G>C_p.G1264A(9.24,1180), LRP1B_c.2690G>A_p.R897H(46.61,1255), ATM_c.3937G>C_p.E1313Q(19.84,1134), FLCN_c.536G>T_p.R179L(36.10,881)","PIK3C3_amplification(7,25 of 25)",none,ZNRF3_N/A_rearrangement_77,
ORD-0806553-01,MM/DD/YYYY,Pass,-,7842,06110243B,Colon adenocarcinoma (CRC),823,T7,2.3971,MSS,2.63,"EPHA3_c.1234G>A_p.V412I(11.66,909), BRAF_c.1799T>A_p.V600E(19.79,869), SMAD4_c.1081C>T_p.R361C(13.34,817)","TP53_c.641_642insCA_p.S215fs*33(20.22,801), RAD50_c.551+1G>T_p.splice site 551+1G>T(9.09,517), RAD51B_c.139C>T_p.R47*(56.52,598), BCOR_c.1168_1170AAT>CAAGGCTCCGGAA_p.N390fs*53(8.78,820)","FLT3_amplification(16,24 of 24), CDK8_amplification(11,13 of 13)",none,none,none,"KDM6A_c.1818C>G_p.N606K(10.23,1154), MLL3_c.11293G>A_p.A3765T(50.90,1222), AR_c.2395C>G_p.Q799E(49.49,691), CASP8_c.-80_36del116_p.M1?(67.99,353), NOTCH1_c.5219C>T_p.A1740V(46.03,541), ROS1_c.6795A>C_p.E2265D(50.15,1025), MLL3_c.12655C>G_p.L4219V(47.97,1009), GNAS_c.103C>A_p.L35I(26.85,771)","BRCA2_amplification(16,26 of 26), FLT1_amplification(16,31 of 31), PARP4_amplification(16,33 of 33)",none,none,
ORD-0806554-01,MM/DD/YYYY,Qualified,NOISY_CNA_DATA,4123,06110244B,Colon adenocarcinoma (CRC),664,T7,3.1024,MSS,3.51,"BRAF_c.1799T>A_p.V600E(22.99,696), TP53_c.637C>T_p.R213*(28.80,573)","RNF43_c.245T>G_p.L82*(35.96,609)","KDM5A_amplification(16,28 of 28)",none,none,none,"NOTCH1_c.2727C>A_p.D909E(56.01,391), EP300_c.962A>G_p.Q321R(70.97,534), GATA3_c.257G>A_p.R86H(26.04,503), CYP17A1_c.1345C>T_p.R449C(28.87,433), RET_c.3233C>T_p.T1078M(33.10,577), POLE_c.4523G>A_p.R1508H(52.58,658), RAD52_c.1092G>A_p.M364I(93.12,2749), BRCA2_c.4841A>C_p.K1614T(25.57,1009), ESR1_c.16C>T_p.H6Y(43.30,418), EPHA3_c.621G>T_p.K207N(64.13,814), FAT3_c.12871G>A_p.A4291T(21.13,582), EPHB1_c.2945C>T_p.A982V(35.43,700)","RAD52_amplification(16,11 of 11)",none,none,
ORD-0806555-01,MM/DD/YYYY,Pass,-,5051,06110281C,Colon adenocarcinoma (CRC),682,T7,3.6558,MSS,5.26,"BRAF_c.1799T>A_p.V600E(23.16,678), SMAD4_c.1081C>T_p.R361C(26.68,686), TP53_c.722C>T_p.S241F(37.81,640)",none,none,none,"PIK3R1_loss(0,17 of 17)",none,"SF3B1_c.2692T>A_p.Y898N(12.09,703), GEN1_c.1072-10_1074del13_p.splice site 1072-10_1074del13(52.13,539), IRF4_c.22C>T_p.R8*(17.11,456), PPP2R1A_c.662G>A_p.R221Q(12.67,600), SMO_c.160G>A_p.V54M(50.80,374), NSD1_c.2339C>T_p.S780L(51.64,978), TSHR_c.1576G>T_p.A526S(20.00,915), SOCS1_c.149_150insGGCCCC_p.P50_G51insAP(24.28,313), SRC_c.709G>A_p.A237T(41.79,591)",none,none,none,
ORD-0806556-01,MM/DD/YYYY,Pass,-,2963,06110313B,Colon adenocarcinoma (CRC),748,T7,1.6938,MSS,5.26,"BRAF_c.1799T>A_p.V600E(33.24,743), GNAS_c.601C>T_p.R201C(26.44,957)","CUL3_c.2029+1G>T_p.splice site 2029+1G>T(27.39,376), SOX9_c.1005G>A_p.W335*(56.85,635)",none,none,none,none,"MLL2_c.1378C>A_p.P460T(49.35,1228), CHD2_c.4763G>A_p.R1588Q(10.03,977), MYST3_c.1185T>G_p.D395E(44.74,912), GPR124_c.1223G>A_p.R408H(39.16,932), BRIP1_c.790C>T_p.R264W(79.38,577), BCOR_c.62G>A_p.R21H(29.05,926), CSF1R_c.200G>A_p.S67N(47.24,1031), EPHB1_c.1942G>A_p.V648M(18.26,1079)",none,none,none,
ORD-0806558-01,MM/DD/YYYY,Pass,-,3207,06110319B,Colon adenocarcinoma (CRC),883,T7,-28.7771,MSI-H,31.59,"RNF43_c.1976delG_p.G659fs*41(17.26,1124), PIK3CA_c.113G>A_p.R38H(9.65,767), BRAF_c.1799T>A_p.V600E(8.39,965), ARAF_c.641C>T_p.S214F(2.51,756)","LRP1B_c.11626A>T_p.R3876*(11.18,689), FOXP1_c.105delG_p.R36fs*46(7.53,1022)",none,none,none,none,"ALOX12B_c.1156C>T_p.R386C(7.77,772), ERRFI1_c.62A>G_p.H21R(49.88,860), MAP3K13_c.1853C>T_p.P618L(10.55,948), ACVR1B_c.398G>A_p.G133D(8.27,1173), FGFR1_c.17G>A_p.C6Y(8.29,820), LRP1B_c.7607G>T_p.C2536F(8.58,816), PARP2_c.965G>A_p.R322Q(45.31,863), BCORL1_c.908C>T_p.A303V(6.65,992), STAG2_c.2710A>T_p.M904L(9.76,697), EPHB6_c.982A>T_p.N328Y(9.71,618), SPTA1_c.1703G>A_p.R568H(49.78,900), EP300_c.5933G>T_p.G1978V(9.46,740), APCDD1_c.1409C>T_p.S470L(10.00,740), ATRX_c.1814G>A_p.C605Y(10.46,956), ABL2_c.2305A>T_p.T769S(51.08,1067), DDR2_c.748G>A_p.V250M(7.75,955), BLM_c.3608C>T_p.A1203V(8.41,1165), FLT4_c.1001G>A_p.S334N(9.04,686), TRRAP_c.1316G>A_p.G439D(8.18,880), NOTCH3_c.5975T>C_p.L1992S(9.02,765), PIK3CA_c.369G>A_p.M123I(9.15,721), CTCF_c.1015C>T_p.P339S(9.40,787), MLL3_c.11783G>A_p.G3928E(7.21,1123), SLIT2_c.1991A>G_p.N664S(9.68,806), MYST3_c.4562C>T_p.A1521V(9.10,1088), TRRAP_c.7043C>T_p.A2348V(8.68,1095), VEGFA_c.59G>A_p.R20Q(21.45,620), NOTCH1_c.3860G>T_p.R1287L(8.29,832), EPHA7_c.131A>T_p.E44V(8.51,1069), PMS2_c.1025A>G_p.Q342R(9.66,797), GRIN2A_c.3169G>A_p.A1057T(8.99,934), FLT3_c.197C>T_p.A66V(17.09,860), SLIT2_c.1129C>A_p.L377I(8.87,970), MAP2K4_c.586_587insATAGTGTAT_p.V195_L196insYSV(7.52,678)",none,none,none,
ORD-0806559-01,MM/DD/YYYY,Pass,-,4406,06110336B,Colon adenocarcinoma (CRC),797,T7,3.0797,MSS,3.51,"BRAF_c.1799T>A_p.V600E(22.36,832), EZH2_c.1613C>T_p.S538L(18.70,968), TP53_c.408delA_p.Q136fs*34(29.23,845), CHUK_c.427C>T_p.R143*(44.34,654)","RNF43_c.16C>T_p.Q6*(30.06,519)",none,none,none,none,"DIS3_c.397_398insA_p.M133fs*15(41.90,1093), NTRK1_c.16C>T_p.R6W(48.43,446), SMO_c.2177G>A_p.R726Q(44.56,754), KDR_c.1325C>T_p.T442M(62.07,704), APCDD1_c.1159G>A_p.G387R(38.75,658), GLI1_c.2054A>G_p.Y685C(12.98,986), PLCG2_c.3496C>T_p.P1166S(48.17,957), SPTA1_c.4564A>G_p.T1522A(51.65,910), TP53BP1_c.1347_1352delTATCCC_p.I450_P451del(42.29,953), TSC1_c.1775C>T_p.T592M(51.78,1126), SPEN_c.10479G>T_p.Q3493H(19.50,877), CBL_c.1298C>T_p.P433L(56.05,951), ERBB4_c.3925T>C_p.*1309Qext*34(23.11,753), SMAD4_c.1148T>G_p.I383R(27.79,619)","WT1_amplification(12,11 of 11)","CDH2_loss(0,16 of 16)",none,
ORD-0806560-01,MM/DD/YYYY,Pass,-,5322,06110350C,Colon adenocarcinoma (CRC),826,T7,3.0222,MSS,6.14,"BRAF_c.1799T>A_p.V600E(32.79,857), SMAD4_c.1081C>T_p.R361C(47.19,1104), TP53_c.743G>A_p.R248Q(37.94,651)","RNF43_c.537_553delCCAAAAGGCCCATGTGA_p.N179fs*3(35.45,567)","MYC_amplification(15,5 of 5)",none,"PTEN_loss(0,9 of 9), FAS_loss(0,10 of 10)",none,"LRP1B_c.878T>C_p.L293P(5.36,1008), RANBP2_c.3316G>C_p.V1106L(36.89,1464), PTPRD_c.2729A>G_p.E910G(15.52,986), PNRC1_c.455C>T_p.A152V(52.11,190), GATA2_c.481C>G_p.P161A(45.87,412), IRF4_c.602G>A_p.R201H(10.28,671), JAK3_c.1164G>C_p.K388N(28.24,896), PAX5_c.418C>T_p.R140W(21.73,773), MLL2_c.8032G>C_p.E2678Q(57.52,758), EPHA3_c.133A>C_p.I45L(14.33,914)",none,none,none,
ORD-0806562-01,MM/DD/YYYY,Pass,-,9008,06110423C,Colon adenocarcinoma (CRC),636,T7,4.3226,MSS,5.26,"AKT1_c.49G>A_p.E17K(50.42,238), SMAD4_c.1081C>T_p.R361C(56.62,717), MTOR_c.5395G>A_p.E1799K(30.84,428), APC_c.4666_4667insA_p.T1556fs*3(32.86,989), BRAF_c.1799T>A_p.V600E(20.33,718)","SOX9_c.865_1216del352_p.F289fs*64(29.95,551), APC_c.1657delT_p.W553fs*5(20.11,731)",none,none,none,PALB2_GGA2_truncation_35,"MST1R_c.4154G>T_p.G1385V(52.88,469), PRKDC_c.10867C>T_p.P3623S(46.35,425), EPHB6_c.2288G>A_p.R763Q(41.58,368), EPHA3_c.621G>T_p.K207N(48.39,808), CD79A_c.372_378delCGTGCGC_p.V125fs*65(5.70,351), LRP6_c.4474G>A_p.A1492T(12.12,833), FAT3_c.796A>G_p.I266V(50.29,698), FAT3_c.10252G>T_p.A3418S(49.39,407), EPHA6_c.1671G>C_p.W557C(25.63,593), MUTYH_c.1234C>T_p.R412C(48.12,478), FAT3_c.5009A>C_p.K1670T(18.00,711), RAD52_c.68T>G_p.V23G(46.39,498), NTRK1_c.53G>A_p.G18E(54.18,323)",none,none,none,
ORD-0806563-01,MM/DD/YYYY,Qualified,NOISY_CNA_DATA,3969,06110425B,Colon adenocarcinoma (CRC),702,T7,2.3620,MSS,2.63,"NSD1_c.5956C>T_p.R1986C(3.13,607), SMAD4_c.1619T>G_p.L540R(14.59,843), BRAF_c.1799T>A_p.V600E(7.87,737), TP53_c.642_643delTA_p.H214fs*7(9.85,589)","APC_c.3221_3224delCTTA_p.T1074fs*51(7.59,975)",none,none,none,none,"ALK_c.1301A>C_p.K434T(12.33,519), MAGI2_c.2920C>T_p.R974W(6.17,811), FLT4_c.3530G>A_p.G1177D(45.14,432), TSC2_c.1340C>T_p.A447V(58.63,423), JAK3_c.1618C>T_p.R540C(9.14,591), IGF1_c.352G>A_p.A118T(50.15,660), BLM_c.4198G>A_p.A1400T(44.98,667), DOT1L_c.2560G>A_p.A854T(51.21,373), BRCA1_c.1486C>T_p.R496C(50.37,955), PNRC1_c.455C>T_p.A152V(62.96,81), SDHA_c.1591G>A_p.V531M(5.35,318), IRS2_c.3448G>A_p.E1150K(10.21,656)",none,none,none,
ORD-0806564-01,MM/DD/YYYY,Pass,-,2885,06110437B,Colon adenocarcinoma (CRC),719,T7,-0.2633,MSS,5.26,"PIK3CA_c.1624G>A_p.E542K(44.42,466), BRAF_c.1799T>A_p.V600E(30.16,935), APC_c.4666_4667insA_p.T1556fs*3(28.09,986), MTOR_c.6644C>T_p.S2215F(49.83,582)","BRIP1_c.2990_2993delCAAA_p.T997fs*61(29.57,913), APC_c.1874delA_p.Q625fs*5(26.04,910)",none,none,none,none,"MAP3K13_c.2888C>G_p.S963C(71.65,589), PMS2_c.652G>C_p.G218R(46.82,897), PDCD1LG2_c.129C>A_p.N43K(49.80,990), IKBKE_c.1121C>T_p.T374M(31.46,785), PREX2_c.4144_4146TAC>AA_p.Y1382fs*14(32.60,678), ERCC4_c.140A>G_p.H47R(31.34,418), PRKAR1A_c.38G>A_p.R13H(13.89,727), LRP1B_c.4478C>G_p.S1493C(42.09,784), STAG2_c.521G>C_p.S174T(64.20,785), SOX9_c.1490A>G_p.H497R(40.88,685)",none,none,none,
ORD-0806565-01,MM/DD/YYYY,Pass,-,3684,06110477C,Colon adenocarcinoma (CRC),902,T7,4.6318,MSS,7.90,"TP53_c.451C>T_p.P151S(58.17,1016), EPHA3_c.2947G>A_p.V983M(25.25,689), BRAF_c.1799T>A_p.V600E(29.89,997)","RNF43_c.349delC_p.R117fs*41(50.76,790)","MYC_amplification(8,5 of 5)","ZNF217_amplification(7,4 of 4), AURKA_amplification(7,8 of 8), TOP1_amplification(7,21 of 21), BCL2L1_amplification(7,4 of 4), GNAS_amplification(7,15 of 15), SRC_amplification(7,11 of 11), ARFRP1_amplification(7,6 of 6), LYN_amplification(8,12 of 12)",none,FAM123B_N/A_truncation_49,"BRCA1_c.2596C>T_p.R866C(79.36,906), FGF12_c.151A>G_p.K51E(26.02,538), ZBTB2_c.566G>A_p.R189Q(30.06,1467), REL_c.1364T>A_p.L455*(12.12,1056), FANCC_c.1159T>C_p.C387R(23.88,758), SMAD2_c.31G>C_p.V11L(31.80,651), PIK3C2G_c.3690C>G_p.N1230K(37.00,873), PIK3C3_c.1872G>C_p.K624N(35.41,545), STAG2_c.3320A>C_p.E1107A(22.13,949), PIK3C2G_c.3263delA_p.N1088fs*27(49.43,789), LRP1B_c.13032A>C_p.E4344D(25.30,672), EPHA3_c.117A>T_p.Q39H(26.66,634)","PRKDC_amplification(8,77 of 86), RUNX1T1_amplification(7,15 of 15), ASXL1_amplification(7,13 of 13), NBN_amplification(7,16 of 16), PREX2_amplification(8,41 of 41), PAK7_amplification(7,8 of 8)",none,none,
ORD-0806566-01,MM/DD/YYYY,Pass,-,4283,06110480C,Colon adenocarcinoma (CRC),718,T7,3.6315,MSS,2.63,"BRAF_c.1799T>A_p.V600E(14.19,627), TP53_c.743G>A_p.R248Q(11.36,678), PIK3CA_c.1634A>G_p.E545G(20.14,705), TP53_c.811G>A_p.E271K(9.22,868)",none,none,none,none,none,"PRKDC_c.4796G>A_p.G1599D(22.00,800), PTPRD_c.1699G>A_p.G567R(45.36,743), MED12_c.6359_6360insCCAGCAGCAACA_p.Q2119_Q2120insHQQQ(32.30,743), TSC1_c.3103G>A_p.G1035S(52.23,806), KDR_c.2012G>A_p.G671E(46.17,836), NOTCH3_c.3863G>A_p.R1288Q(9.04,553), GALNT12_c.1606-2A>G_p.splice site 1606-2A>G(50.41,740), SLIT2_c.3248A>G_p.N1083S(43.43,624), NBN_c.547G>A_p.A183T(52.65,811), LRP6_c.670C>T_p.L224F(10.55,796)",none,none,none,
ORD-0806567-01,MM/DD/YYYY,Pass,-,4202,06110495B,Colon adenocarcinoma (CRC),770,T7,1.6528,MSS,4.39,"RNF43_c.1111C>T_p.R371*(41.03,680), TP53_c.378C>A_p.Y126*(46.08,701), ERCC4_c.2395C>T_p.R799W(70.67,1115), BRAF_c.1799T>A_p.V600E(33.29,709)","BRCA1_c.213-1G>A_p.splice site 213-1G>A(9.34,707), MAP2K4_c.841C>T_p.R281*(44.56,754), SMAD4_c.1091T>A_p.L364*(45.74,857)",none,none,none,none,"RANBP2_c.910_914AGTAG>GGTAA_p.S304_S305>GN(26.11,452), SPTA1_c.1964C>A_p.S655Y(5.06,849), TP53BP1_c.3280_3281insTGA_p.I1093_S1094insM(47.33,1031), EP300_c.1352C>A_p.P451H(64.59,610), FGF3_c.187C>T_p.R63C(21.23,537), NOTCH1_c.2734C>T_p.R912W(28.73,557), CIC_c.3553G>A_p.A1185T(5.11,743), TAF1_c.832_833insAGG_p.E277_V278insE(58.07,849), IRF2_c.829A>G_p.M277V(44.34,893), HGF_c.1754C>T_p.A585V(14.54,626), PIK3CG_c.614A>G_p.K205R(42.41,863), POLE_c.58A>G_p.S20G(36.95,295), NOTCH2_c.6363G>C_p.K2121N(53.67,872)",none,none,none,
ORD-0806568-01,MM/DD/YYYY,Pass,-,1363,06110498C,Colon adenocarcinoma (CRC),853,T7,3.7321,MSS,4.39,"APC_c.4391_4394delAGAG_p.E1464fs*8(24.65,1010), BRAF_c.1799T>A_p.V600E(33.37,974), TP53_c.859G>T_p.E287*(47.07,752)","APC_c.3473_3474delGA_p.R1158fs*5(25.69,911)","FGF3_amplification(53,3 of 3), FGF19_amplification(80,3 of 3), CCND1_amplification(80,5 of 5), FGF4_amplification(49,3 of 3)",none,"PTEN_loss(0,9 of 9)",none,"NKX2-1_c.723_724insGGCGGGGGC_p.G241_T242insGGG(20.16,486), GABRA6_c.859A>C_p.S287R(52.01,896), BLM_c.11T>C_p.V4A(13.90,1216), FAM46C_c.452G>T_p.R151L(48.26,978), NTRK1_c.53G>A_p.G18E(50.11,453), PBRM1_c.4588G>A_p.D1530N(35.16,805), ERBB2_c.649C>T_p.R217C(50.26,577), PARP4_c.317A>G_p.Q106R(33.26,908), LRP1B_c.7093C>T_p.P2365S(15.56,1086), MLL2_c.16499G>A_p.R5500Q(45.06,1012), MAP3K1_c.2816C>G_p.S939C(51.70,530), FAT1_c.12380A>G_p.D4127G(60.43,705)",none,none,CCND1_N/A_rearrangement_159,
ORD-0806569-01,MM/DD/YYYY,Pass,-,9322,06110508B,Colon adenocarcinoma (CRC),865,T7,3.6133,MSS,7.02,"SMAD4_c.828C>G_p.Y276*(28.14,867), FGF14_c.665C>T_p.T222M(18.79,777), TP53_c.797G>A_p.G266E(35.25,959), CDKN1B_c.410delC_p.P137fs*8(23.63,804), NOTCH1_c.4723G>C_p.V1575L(1.01,795), BRAF_c.1799T>A_p.V600E(22.45,962)","APC_c.4549C>T_p.Q1517*(19.87,896), APC_c.2666_2667delAA_p.K889fs*22(16.02,949)","MYC_amplification(16,5 of 5)",none,none,none,"PLCG2_c.2263G>A_p.V755I(21.88,777), EP300_c.3325G>A_p.G1109R(11.95,678), IGF2_c.439G>C_p.E147Q(50.00,780), ESR1_c.83G>A_p.R28H(36.03,755), ASXL1_c.1388G>A_p.S463N(47.26,895), BRCA2_c.7661G>A_p.S2554N(23.18,1005), PDGFRA_c.1249A>T_p.I417F(9.21,901), NTRK1_c.53G>A_p.G18E(42.54,503), MTOR_c.4128T>A_p.D1376E(47.33,917), MLL2_c.10855C>G_p.L3619V(23.14,618), NOTCH1_c.3579G>T_p.Q1193H(59.60,656)","RUNX1T1_amplification(8,15 of 15)",none,none,
ORD-0806570-01,MM/DD/YYYY,Pass,-,4485,06110513C,Colon adenocarcinoma (CRC),843,T7,4.7699,MSS,6.14,"BRAF_c.1799T>A_p.V600E(25.00,832), PIK3CA_c.331A>G_p.K111E(2.34,1196)","TP53_c.1005delT_p.E336fs*9(30.00,630)","GATA6_amplification(28,6 of 6)",none,"MAP2K4_loss(0,12 of 12)",none,"IRS2_c.2104_2105insCCG_p.A701_V702insA(19.54,819), SPTA1_c.6983C>T_p.P2328L(61.02,921), INPP4B_c.2383C>T_p.H795Y(44.00,934), FLT3_c.121A>G_p.K41E(48.71,735), FOXL2_c.746C>T_p.A249V(33.85,384), ROS1_c.6619A>G_p.T2207A(49.32,953), PARP1_c.371C>T_p.T124M(32.94,841), APC_c.5138T>C_p.L1713S(57.24,1078), FANCF_c.482C>A_p.S161Y(55.06,1088), FAT3_c.7282C>T_p.R2428W(13.48,935), MLL2_c.5431G>A_p.G1811S(68.30,716), PRKDC_c.10229T>C_p.I3410T(19.31,720)",none,none,none,
ORD-0806571-01,MM/DD/YYYY,Pass,-,1364,06110544C,Colon adenocarcinoma (CRC),781,T7,3.3842,MSS,3.51,"GRIN2A_c.1577T>C_p.V526A(19.85,796), BRAF_c.1799T>A_p.V600E(17.75,907), SMAD4_c.1058A>G_p.Y353C(22.38,800), TP53_c.818G>A_p.R273H(24.59,785)","RNF43_c.1322_1323insC_p.D442fs*1(37.93,696), MAGI2_c.343C>T_p.R115*(15.34,1069)",none,none,none,none,"ATM_c.2289T>A_p.F763L(33.44,1229), PIK3C2B_c.2803C>G_p.P935A(50.05,923), MLL2_c.7027_7028insAGAGCC_p.S2342_P2343insQS(37.09,550), FANCM_c.5091_5093delGAA_p.K1697del(34.42,892), ALOX12B_c.526G>A_p.E176K(39.96,513), EPHA6_c.434C>G_p.T145R(18.35,812), NTRK3_c.1444C>T_p.H482Y(47.84,696), PTCH1_c.3155C>T_p.T1052M(45.71,735), MST1R_c.64G>C_p.A22P(16.47,607), MAP3K1_c.2816C>G_p.S939C(33.61,482), ATM_c.998C>T_p.S333F(66.41,1182)",none,none,none,
ORD-0806572-01,MM/DD/YYYY,Pass,-,4731,06110576C,Colon adenocarcinoma (CRC),831,T7,-37.4380,MSI-H,41.24,"MYC_c.1121A>G_p.H374R(2.35,1661), ARID1A_c.3826C>T_p.R1276*(16.10,882), ZNRF3_c.619C>T_p.R207W(17.90,609), QKI_c.401delA_p.K134fs*14(20.92,937), NF1_c.5572G>A_p.A1858T(15.54,830), RNF43_c.1976delG_p.G659fs*41(15.10,874), TAF1_c.3488G>A_p.R1163H(1.33,978), BRAF_c.1799T>A_p.V600E(15.17,791)","CASP8_c.1119_1120insT_p.I374fs*8(13.62,1087), TET2_c.1842delG_p.L615fs*24(11.16,1004), ASXL1_c.1934delG_p.G645fs*58(15.12,754), ARID1A_c.2733-2A>G_p.splice site 2733-2A>G(13.68,775), MLL3_c.13488delT_p.F4496fs*21(10.32,1172), CDKN2A_c.3G>T_p.M1I(12.54,598), BCOR_c.3919_3920insT_p.C1307fs*68(10.04,906), RAD54L_c.767-2A>G_p.splice site 767-2A>G(46.94,686), RB1_c.1667G>A_p.R556Q(2.56,1133), BRD4_c.1003delG_p.V335fs*66(11.83,854)",none,none,none,"MYC_N/A_rearrangement_139, BRCA1_BRCA1_duplication_26","POLE_c.4699G>T_p.A1567S(18.54,755), IKBKE_c.2027G>A_p.R676Q(15.46,744), CCND1_c.569C>T_p.A190V(11.00,409), PIK3CB_c.1876T>A_p.C626S(51.50,732), MAP2K1_c.899A>G_p.Y300C(12.39,1017), MAP3K1_c.2763T>G_p.S921R(10.84,1144), GRIN2A_c.848A>G_p.D283G(11.38,870), FAT3_c.9386delC_p.P3129fs*22(13.71,722), RUNX1_c.1196G>A_p.S399N(52.86,594), CSF1R_c.1394A>G_p.K465R(16.28,725), GNA11_c.446G>A_p.R149H(14.04,399), RUNX1T1_c.16G>T_p.G6C(13.90,518), EPHA6_c.433A>C_p.T145P(12.25,841), SMARCA4_c.1019C>T_p.A340V(47.78,427), GABRA6_c.1214_1215insC_p.P406fs*11(10.54,1053), MYST3_c.2944A>G_p.R982G(10.46,927), MAP3K1_c.2965_2967delTCT_p.S989del(11.27,1100), PIK3R1_c.1684C>T_p.R562C(12.33,1168), MTOR_c.3152C>T_p.T1051M(15.27,668), FGF6_c.187_189GCC>ACG_p.A63T(46.07,610), PTPN11_c.1113G>A_p.W371*(14.11,645), CREBBP_c.6457G>A_p.G2153S(7.06,510), FGFR3_c.1206_1207insC_p.K403fs*93(15.62,557), ALOX12B_c.1496G>A_p.R499H(15.75,673), FOXL2_c.31G>A_p.A11T(12.89,287), ERBB4_c.1507T>C_p.C503R(7.97,841), MKNK1_c.842G>A_p.R281H(13.23,756), CDH1_c.676G>A_p.A226T(14.74,719), INPP4B_c.2720C>T_p.A907V(48.05,999), FAT1_c.4516C>T_p.R1506C(15.51,1006), CREBBP_c.4445A>G_p.Y1482C(11.92,839), REL_c.1297A>G_p.T433A(48.31,1215), PRKDC_c.2667G>C_p.E889D(48.71,811), ATM_c.3178A>G_p.I1060V(12.91,1100), RAD51B_c.365G>A_p.S122N(19.97,656), IRS2_c.650A>G_p.Y217C(11.41,552), SDHA_c.1235G>A_p.G412D(17.76,670), CRLF2_c.373G>A_p.V125M(15.50,813), FAM123B_c.802G>A_p.A268T(10.69,767), ATRX_c.4280G>A_p.R1427H(16.75,782), NOTCH1_c.6329T>C_p.V2110A(10.28,506), PBRM1_c.1694C>T_p.P565L(15.14,1103), IRS2_c.974A>G_p.H325R(13.02,407), MYST3_c.5924A>G_p.N1975S(13.29,933), IKZF1_c.1385A>G_p.Y462C(11.28,665), EPHA6_c.272C>A_p.P91H(9.45,847), BCORL1_c.1193C>A_p.P398H(9.93,806), MYST3_c.3573_3574insC_p.I1192fs*6(14.81,1155)",none,none,none,
ORD-0806573-01,MM/DD/YYYY,Pass,-,7930,06110626B,Colon adenocarcinoma (CRC),792,T7,-62.8894,MSI-H,47.38,"MSH6_c.3261delC_p.F1088fs*2(29.07,1080), PIK3CA_c.3140A>G_p.H1047R(30.96,1024), MLL2_c.7061delC_p.P2354fs*30(29.53,762), BRAF_c.1799T>A_p.V600E(28.44,742), GATA2_c.1085G>A_p.R362Q(30.52,747), CREBBP_c.4336C>T_p.R1446C(1.57,700), CDKN2A_c.68delG_p.G23fs*3(30.07,612), RANBP2_c.2432T>G_p.L811R(4.57,525), RNF43_c.1976delG_p.G659fs*41(52.62,897), BRCA1_c.1961delA_p.K654fs*47(27.77,1066), MLL2_c.6122G>A_p.R2041H(2.36,805)","RAD50_c.3592C>T_p.R1198*(29.95,748), SMAD2_c.358C>T_p.R120*(32.07,767), CDKN2C_c.49_50insG_p.D17fs*7(27.59,772), BCORL1_c.5042delC_p.P1681fs*20(25.79,601), MRE11A_c.1532delA_p.N511fs*13(30.11,734), ARID1A_c.2272delC_p.Q758fs*75(31.28,780), ASXL1_c.1934delG_p.G645fs*58(30.76,764), CIC_c.3743delC_p.P1248fs*54(17.66,1076), TAF1_c.1937_1938insA_p.A647fs*31(21.04,713)",none,none,none,none,"LRP6_c.614T>C_p.F205S(49.37,792), CASP8_c.197T>G_p.L66R(6.72,982), PARP4_c.254_255delGA_p.R85fs*8(47.73,836), SLIT2_c.1043G>A_p.R348H(29.02,789), BRCA1_c.4328G>A_p.R1443Q(29.47,984), DICER1_c.4387T>C_p.F1463L(30.36,965), ERG_c.50C>T_p.S17L(35.63,741), ATM_c.662G>T_p.R221I(34.99,703), RANBP2_c.2449C>G_p.Q817E(12.48,545), CARD11_c.472C>T_p.Q158*(37.08,809), NUP93_c.436C>T_p.H146Y(29.49,868), CDK12_c.2645G>A_p.R882Q(30.93,860), LRP1B_c.11339A>T_p.Q3780L(7.69,832), ZNF217_c.2045G>A_p.C682Y(5.92,997), KDM5A_c.3597delA_p.G1200fs*9(29.28,1004), FAT3_c.5773G>A_p.G1925S(32.03,896), ARID1B_c.3851C>T_p.T1284M(35.42,847), KEAP1_c.1288G>A_p.G430S(30.38,665), PDGFRB_c.2410G>A_p.V804M(33.02,748), SMAD3_c.277C>T_p.R93*(33.95,751), TSC2_c.1690G>A_p.V564I(32.85,694), CASP8_c.1346G>A_p.R449Q(33.72,596), ERBB4_c.1178G>A_p.R393Q(33.24,680), ATM_c.1370G>A_p.R457Q(31.58,1026), GRIN2A_c.590G>A_p.G197D(32.42,944), AURKB_c.893_894TG>CT_p.M298T(32.71,639), MLL2_c.4956G>T_p.K1652N(31.38,666), EPHB1_c.251G>A_p.R84H(7.83,919), GEN1_c.415T>C_p.C139R(32.89,973), RANBP2_c.8209delT_p.C2737fs*35(32.02,915), GNAS_c.323C>T_p.A108V(29.75,911), FBXW7_c.1560T>A_p.D520E(34.42,886), NSD1_c.4654T>A_p.L1552M(34.35,821), MLL2_c.5249A>G_p.E1750G(32.48,739), POLD1_c.3067G>T_p.G1023*(15.00,460), KIT_c.1264G>A_p.V422M(29.11,845), IGF1R_c.220C>T_p.R74C(32.27,939), FLT3_c.1040A>G_p.K347R(32.19,581), PIK3R2_c.373C>T_p.P125S(52.01,819), ZNRF3_c.1250delC_p.P417fs*53(27.86,707), ARAF_c.451C>T_p.R151C(5.35,803), MLL_c.2318_2319insC_p.S774fs*12(24.98,1089), ATM_c.1943T>C_p.V648A(35.02,871), JAK2_c.337C>G_p.L113V(49.75,607), NSD1_c.2842A>G_p.S948G(33.80,997), FAT3_c.12101delG_p.G4034fs*45(31.28,390), ARAF_c.23delC_p.P8fs*26(26.68,656), ABL2_c.1829G>A_p.R610Q(31.18,805), MAGI2_c.2539C>A_p.H847N(16.43,913)",none,none,STAT4_STAT1_rearrangement_22,
ORD-0806574-01,MM/DD/YYYY,Pass,-,6961,06110651B,Colon adenocarcinoma (CRC),642,T7,1.3005,MSS,2.63,"SMAD4_c.1157G>A_p.G386D(40.91,550), BRAF_c.1799T>A_p.V600E(29.26,752), TP53_c.733G>C_p.G245R(39.06,425)",none,none,none,"PTEN_loss(1,9 of 9)",none,"HRAS_c.546G>A_p.M182I(51.67,509), CUL4B_c.26G>A_p.G9E(66.93,387), PDGFRB_c.946G>A_p.V316M(82.85,414), LRP1B_c.2582G>A_p.R861Q(28.03,867), MSH6_c.360C>G_p.I120M(48.96,623), FLCN_c.1048C>T_p.R350W(70.70,273), NOTCH1_c.2521G>A_p.G841S(58.50,865), PTPRD_c.5451_5452insAAGTCCGGA_p.G1817_E1818insKSG(49.91,1116), BARD1_c.1573A>G_p.I525V(63.46,903), IL7R_c.419G>A_p.R140Q(64.14,884)",none,none,none,
ORD-0806576-01,MM/DD/YYYY,Qualified,NOISY_CNA_DATA,3574,06110704B,Colon adenocarcinoma (CRC),699,T7,1.1139,MSS,3.51,"ACVR1B_c.1126G>A_p.D376N(10.39,895), RUNX1T1_c.1412C>T_p.A471V(10.81,583), BRAF_c.1799T>A_p.V600E(19.73,887)","SOX9_c.1186_1187insGC_p.H396fs*8(38.79,513), ACVR1B_c.121C>T_p.Q41*(14.91,825)",none,none,none,none,"FANCE_c.812C>T_p.A271V(48.89,767), MSH6_c.3160A>T_p.I1054F(52.00,750), FAM46C_c.520C>T_p.R174W(46.31,814), EPHA7_c.1207A>G_p.M403V(12.21,647), FGF10_c.620A>C_p.H207P(46.41,571), TSHR_c.2279T>C_p.M760T(52.50,741), FAM123B_c.401A>C_p.H134P(98.84,258), SETD2_c.5056C>T_p.R1686W(12.62,935)",none,none,none,
ORD-0806577-01,MM/DD/YYYY,Pass,-,3323,06110705B,Colon adenocarcinoma (CRC),687,T7,2.6553,MSS,5.26,"TP53_c.880G>T_p.E294*(69.47,819), BRAF_c.1799T>A_p.V600E(41.62,853)","NCOR1_c.592C>T_p.Q198*(5.71,175)",none,none,none,none,"NOTCH3_c.2941C>T_p.H981Y(60.58,449), PRSS1_c.457G>A_p.D153N(26.71,1142), FAT3_c.653G>A_p.R218Q(14.34,488), SMAD4_c.1206_1211delTAGTGA_p.S403_D404del(51.90,420), RNF43_c.452T>C_p.L151P(75.42,541), MLL3_c.13779T>A_p.N4593K(39.70,937), MLL2_c.5921C>T_p.T1974M(48.30,764), NTRK3_c.1078G>A_p.E360K(55.33,703)",none,none,none,
ORD-0806578-01,MM/DD/YYYY,Qualified,NOISY_CNA_DATA,5062,06110718B,Colon adenocarcinoma (CRC),952,T7,1.5280,MSS,1.75,"TP53_c.524G>A_p.R175H(1.09,915), TP53_c.574C>T_p.Q192*(13.56,981), BRAF_c.1799T>A_p.V600E(17.41,902)","ARID1A_c.4654_4656CAG>T_p.Q1552fs*19(6.51,614), SMAD4_c.988G>T_p.E330*(1.35,887)","C17orf39_amplification(8,6 of 6), MYC_amplification(7,5 of 5)",none,none,none,"FAT1_c.2734G>A_p.V912I(41.74,1313), FAT1_c.4880G>A_p.R1627Q(40.70,914), EPHA3_c.1287C>A_p.S429R(17.42,815), LRP1B_c.4964C>A_p.A1655E(15.18,988), PTCH1_c.3889C>T_p.R1297W(51.70,911), ARID1B_c.3055G>A_p.G1019S(47.22,1063), FLT4_c.3856C>G_p.Q1286E(55.93,742), PIK3R1_c.1962G>C_p.Q654H(57.05,880)","IDH2_amplification(8,11 of 11), NTRK3_amplification(9,19 of 20)",none,none,
ORD-0806579-01,MM/DD/YYYY,Pass,-,4572,06110720B,Colon adenocarcinoma (CRC),862,T7,3.0250,MSS,1.75,"BRAF_c.1799T>A_p.V600E(15.82,948), FBXW7_c.1393C>T_p.R465C(17.92,1010), CTNNB1_c.134C>T_p.S45F(7.19,1266), TP53_c.844C>T_p.R282W(24.82,842)","APC_c.4050_4051insA_p.A1351fs*3(30.94,1060), ARID1A_c.3867-1G>A_p.splice site 3867-1G>A(19.43,1024)",none,none,none,none,"NTRK3_c.1582A>C_p.T528P(49.17,480), TSC2_c.3802C>T_p.R1268C(57.38,542), BRIP1_c.797C>T_p.T266M(49.07,1184), DICER1_c.2042_2098del57_p.G681_C699del(15.77,1008), EPHB1_c.1185C>A_p.S395R(61.49,657)",none,none,none,
ORD-0806581-01,MM/DD/YYYY,Qualified,NOISY_CNA_DATA,3972,06110737B,Colon adenocarcinoma (CRC),539,T7,3.1232,MSS,4.39,"TP53_c.844C>T_p.R282W(77.70,583), MTOR_c.5917A>T_p.I1973F(51.41,461), BRAF_c.1799T>A_p.V600E(56.17,778)","APC_c.4630G>T_p.E1544*(24.35,382)",none,none,none,none,"PRKDC_c.11845G>A_p.A3949T(67.15,414), QKI_c.950C>T_p.T317M(43.16,614), CHUK_c.376A>T_p.S126C(12.56,605), NF1_c.1789C>T_p.L597F(11.99,559), ATR_c.6618A>C_p.K2206N(29.07,461), LRP6_c.3370C>T_p.R1124W(70.65,736), MAGI2_c.3251G>A_p.R1084Q(27.13,516), MYST3_c.2672C>T_p.T891M(33.54,483)",none,none,none,
ORD-0806582-01,MM/DD/YYYY,Pass,-,9721,06110747C,Colon adenocarcinoma (CRC),844,T7,2.0783,MSS,3.51,"BRAF_c.1799T>A_p.V600E(39.27,1235), TP53_c.646G>A_p.V216M(53.07,799)","RNF43_c.318_319insC_p.V107fs*18(51.09,777)","ZNF217_amplification(6,4 of 4), GNAS_amplification(6,15 of 15), IGF2_amplification(6,4 of 4), AURKA_amplification(6,8 of 8), ARFRP1_amplification(6,6 of 6)","VEGFA_amplification(6,8 of 8), CCND3_amplification(6,5 of 5)",none,none,"ACVR1B_c.431T>C_p.I144T(54.13,1319), PIK3C2B_c.2642T>C_p.M881T(43.95,1140), BLM_c.2744C>T_p.A915V(18.06,1052), KIT_c.910A>G_p.T304A(77.98,731), PREX2_c.2986G>A_p.A996T(35.41,1285), MLL3_c.11665A>C_p.K3889Q(48.95,1291)","PAX5_amplification(6,10 of 10)",none,none,
ORD-0806583-01,MM/DD/YYYY,Pass,-,4446,06110752C,Colon adenocarcinoma (CRC),846,T7,2.2326,MSS,5.26,"NTRK3_c.2033G>A_p.R678Q(15.19,856), APC_c.4666_4667insA_p.T1556fs*3(34.75,1085), TP53_c.742C>T_p.R248W(31.12,588), BRAF_c.1799T>A_p.V600E(29.09,966)","NOTCH3_c.2330delC_p.P777fs*83(32.30,452), INPP4B_c.2456_2459delAGAA_p.K819fs*2(26.33,919)",none,"DIS3_amplification(7,22 of 22), CUL4A_amplification(7,20 of 20), FGF14_amplification(7,6 of 6), IRS2_amplification(7,5 of 5)","PTEN_loss(0,9 of 9), FAS_loss(0,10 of 10), SMAD4_loss(0,11 of 11)",none,"PRKDC_c.3513G>A_p.W1171*(24.38,894), PTCH2_c.2584G>A_p.V862M(14.51,751), FANCM_c.376T>A_p.Y126N(47.29,1106), SPTA1_c.1675G>A_p.G559R(27.44,900), ATM_c.3421C>T_p.P1141S(27.13,881), MRE11A_c.1186A>T_p.I396F(51.10,1049), CSF1R_c.2760G>C_p.E920D(25.85,882), PRKDC_c.4375C>T_p.H1459Y(50.83,781), SMARCA4_c.829C>T_p.P277S(66.91,408)",none,"CDH2_loss(0,16 of 16)",none,
ORD-0806584-01,MM/DD/YYYY,Qualified,NOISY_CNA_DATA,6562,06110756B,Colon adenocarcinoma (CRC),585,T7,1.1651,MSS,7.90,"TP53_c.524G>A_p.R175H(19.68,503), BRAF_c.1799T>A_p.V600E(20.98,672), SMAD4_c.1082G>A_p.R361H(18.59,624), SMAD3_c.802C>T_p.R268C(6.76,488)","RNF43_c.1079_1091delGCCCTTCCCGGAG_p.G360fs*55(22.52,564)",none,none,none,none,"PIK3C2G_c.3466A>G_p.K1156E(54.74,475), FAT3_c.1603G>T_p.D535Y(12.74,463), PDGFRB_c.1279C>T_p.P427S(31.26,643), SPTA1_c.466C>T_p.R156W(48.53,373), LRP1B_c.2986G>A_p.G996R(7.96,339), GPR124_c.557A>G_p.D186G(17.19,477), NSD1_c.7290G>T_p.Q2430H(64.95,796), ATR_c.3074G>A_p.R1025H(41.28,642), EMSY_c.2566C>G_p.R856G(17.72,570), ARAF_c.542C>A_p.T181N(62.50,528), NTRK3_c.1586-1G>T_p.splice site 1586-1G>T(17.87,291), ATRX_c.2536G>C_p.D846H(36.62,811), FAT3_c.223C>A_p.L75I(17.72,412)",none,none,none,
ORD-0806585-01,MM/DD/YYYY,Pass,-,1368,06110852C,Colon adenocarcinoma (CRC),814,T7,2.6552,MSS,3.51,"BRAF_c.1799T>A_p.V600E(13.75,778), GNAS_c.602G>A_p.R201H(13.48,972)","SOX9_c.514_515insT_p.Y172fs*80(18.05,698)",none,none,none,FUBP1_GIPC2_truncation_110,"RET_c.2531G>T_p.R844L(46.99,515), CDH1_c.268C>T_p.R90W(14.36,940), FANCG_c.1223G>A_p.G408D(49.27,757), NBN_c.596C>G_p.P199R(49.77,854), MST1R_c.1261A>G_p.S421G(48.02,781), MLL3_c.12655C>G_p.L4219V(50.38,919), PREX2_c.2753G>A_p.R918Q(51.16,950), RB1_c.2224G>C_p.V742L(12.37,744), IKZF1_c.1156C>T_p.R386C(13.63,543), BRCA2_c.4228A>T_p.T1410S(12.85,1292), FANCD2_c.521G>A_p.R174Q(11.72,785)",none,none,none,
ORD-0806586-01,MM/DD/YYYY,Pass,-,7892,06110854C,Colon adenocarcinoma (CRC),696,T7,1.1587,MSS,4.39,"BRAF_c.1799T>A_p.V600E(14.81,952), DICER1_c.4073G>A_p.R1358H(14.71,809), RANBP2_c.1968A>G_p.I656M(19.17,120), PIK3CA_c.3140A>T_p.H1047L(30.15,1111)","SMAD4_c.1569C>A_p.C523*(16.05,729)","AKT2_amplification(47,13 of 13)",none,none,none,"FANCA_c.2533C>G_p.L845V(55.48,840), ERBB4_c.3753C>A_p.S1251R(50.50,701), MLL3_c.2660G>A_p.G887E(5.28,625), TOP2A_c.3433T>C_p.C1145R(64.40,1059), ESR1_c.16C>T_p.H6Y(37.65,247), RANBP2_c.5259A>T_p.Q1753H(22.75,1222), SETD2_c.1180T>C_p.C394R(58.33,828), LRP1B_c.3399T>G_p.S1133R(53.18,912), CTCF_c.641A>T_p.Y214F(12.36,1068), IL7R_c.760G>T_p.A254S(48.06,1057), SMAD4_c.1523G>C_p.G508A(14.34,732)",none,none,none,
ORD-0806587-01,MM/DD/YYYY,Pass,-,9408,06110884C,Colon adenocarcinoma (CRC),960,T7,5.3794,MSS,5.26,"NTRK1_c.1777C>T_p.R593W(51.45,861), TP53_c.832C>T_p.P278S(36.96,993), FANCI_c.919C>T_p.P307S(15.97,689), RNF43_c.394C>T_p.R132*(26.24,945), BRAF_c.1799T>A_p.V600E(27.98,872)","LRP1B_c.5995A>T_p.R1999*(8.77,798), RNF43_c.490_496delATCTGGG_p.I164fs*7(25.11,912)","CCND1_amplification(13,5 of 5), FGF19_amplification(13,3 of 3), FGF3_amplification(13,3 of 3), FGF4_amplification(14,3 of 3)",none,none,none,"INSR_c.3143G>A_p.G1048D(51.78,1182), KIT_c.910A>G_p.T304A(47.72,744), HGF_c.1444C>T_p.H482Y(51.46,513), WISP3_c.14G>A_p.R5Q(44.54,925), MLL2_c.14581G>A_p.D4861N(48.93,985), SMAD3_c.1208C>T_p.P403L(65.55,1347), MAP3K1_c.721G>A_p.A241T(54.41,976), LTK_c.1706G>A_p.R569H(80.89,1052), ZNRF3_c.747_748insTG_p.E250fs*14(43.84,1047), MLL_c.11510C>T_p.P3837L(49.44,1062), FGFR1_c.625C>T_p.R209C(46.12,954), BRCA1_c.707C>T_p.T236I(27.55,795), AR_c.161T>C_p.L54S(25.73,719), IGF2R_c.6160G>A_p.V2054I(25.65,1002)",none,none,none,
ORD-0806588-01,MM/DD/YYYY,Pass,-,9562,06110890C,Colon adenocarcinoma (CRC),844,T7,2.1361,MSS,6.14,"TP53_c.524G>A_p.R175H(36.89,816), BRAF_c.1799T>A_p.V600E(20.93,1013), PRSS1_c.361G>A_p.A121T(25.17,1005)","RNF43_c.547_548insC_p.H183fs*5(35.98,831)","MYC_amplification(7,5 of 5)","LYN_amplification(7,12 of 12)",none,none,"NOTCH1_c.5422G>A_p.D1808N(54.56,691), PTCH1_c.3907C>T_p.R1303C(53.40,618), FANCG_c.100G>T_p.G34C(54.75,789), SOX10_c.928G>A_p.V310M(33.10,580), FGFR3_c.87G>C_p.Q29H(61.07,393), SMAD4_c.1067_1075delCTTCTGGAG_p.P356_G359>R(25.94,902), PARP4_c.2107G>A_p.A703T(49.95,945), CDK12_c.1802C>G_p.S601C(48.11,1110), GATA6_c.551G>A_p.S184N(71.33,279), BRD4_c.3328_3330delGTG_p.V1110del(27.47,688), PRKDC_c.10814_10815insA_p.N3605fs*3(31.42,1114), PHLPP2_c.1556A>G_p.D519G(10.22,802), ATRX_c.4359_4361delGGA_p.E1464del(85.79,380), ERBB4_c.2189G>A_p.G730E(19.27,1012)","PREX2_amplification(7,41 of 41), NBN_amplification(7,16 of 16), PRKDC_amplification(7,77 of 86), RUNX1T1_amplification(7,15 of 15)",none,PRKDC_PRKDC_rearrangement_31,
ORD-0806589-01,MM/DD/YYYY,Pass,-,7164,06110918C,Colon adenocarcinoma (CRC),918,T7,3.8339,MSS,10.53,"BRAF_c.1799T>A_p.V600E(31.94,958), PARP4_c.1999G>T_p.V667L(31.12,527), TP53_c.823T>C_p.C275R(33.21,1099)","SMAD4_c.1194G>A_p.W398*(20.29,823)","FGF6_amplification(28,3 of 3), KDM5A_amplification(22,28 of 28), MYC_amplification(9,5 of 5), FGF23_amplification(26,3 of 3), CCND2_amplification(28,5 of 5), GATA6_amplification(9,6 of 6)",none,none,none,"CARD11_c.1033G>C_p.E345Q(19.20,797), WT1_c.178G>A_p.G60R(52.35,170), TYRO3_c.1706C>T_p.A569V(14.49,1097), FGF6_c.62C>T_p.T21M(83.13,2786), RET_c.2099T>C_p.M700T(11.86,801), TNKS_c.14G>C_p.R5P(40.84,502), MLL3_c.12655C>G_p.L4219V(56.12,1169), IRS2_c.1298_1327del30_p.M433_A442del(26.26,278), PAK7_c.186C>G_p.I62M(13.02,676), AKT1_c.37C>T_p.H13Y(13.68,658), MTOR_c.7289G>T_p.R2430M(16.29,706), MAP3K1_c.2098C>A_p.Q700K(16.79,1251), TRRAP_c.3607G>A_p.V1203I(14.07,718)","RAD52_amplification(20,11 of 11)",none,none,
ORD-0806590-01,MM/DD/YYYY,Pass,-,7001,06110966B,Colon adenocarcinoma (CRC),620,T7,3.9519,MSS,4.39,"BRAF_c.1799T>A_p.V600E(23.92,464), MERTK_c.232G>A_p.V78I(49.76,1051)","TP53_c.757_758insTCCTCA_p.L252_T253insIL(47.39,498), RNF43_c.250C>T_p.Q84*(57.46,449)",none,none,"MAP3K1_loss(0,19 of 20), SMAD4_loss(0,11 of 11)",none,"SDHA_c.1274T>G_p.V425G(22.69,260), PTCH2_c.735G>C_p.Q245H(58.11,549), ARID2_c.1481A>C_p.H494P(60.99,646), AXIN1_c.2039G>A_p.R680Q(40.56,715), RAD54L_c.1487G>C_p.G496A(58.05,596), CRKL_c.398A>G_p.D133G(52.54,552), KEAP1_c.271G>A_p.A91T(48.83,596), FLT4_c.2657C>T_p.T886M(56.39,305), CDKN1B_c.397C>A_p.P133T(42.53,884)","CEBPA_amplification(8,3 of 3)",none,EGFR_EGFR_rearrangement_115,
ORD-0806591-01,MM/DD/YYYY,Pass,-,6403,06110980B,Colon adenocarcinoma (CRC),697,T7,-1.1529,MSS,6.14,"BRAF_c.1799T>A_p.V600E(13.43,722), ARID1A_c.6716T>C_p.L2239P(2.55,823), PIK3R1_c.1924C>T_p.R642*(1.43,910)","ATM_c.6369_6379delTTACCATGAAT_p.Y2124fs*18(13.58,795), TP53_c.376-2A>G_p.splice site 376-2A>G(15.62,608)","CCND1_amplification(14,5 of 5), FGF4_amplification(10,3 of 3), FGF19_amplification(10,3 of 3), FGF3_amplification(10,3 of 3)",none,none,none,"SYK_c.598_600delAAC_p.N200del(6.08,576), TSC2_c.4527_4529delCTT_p.F1510del(48.25,514), NOTCH3_c.5900T>C_p.M1967T(47.73,463), GATA2_c.602G>T_p.S201I(15.14,588), CREBBP_c.2678C>T_p.S893L(51.20,752), GATA4_c.260C>T_p.P87L(9.41,255), PTPRD_c.56A>T_p.D19V(45.24,557), EPHA5_c.2941C>T_p.R981W(5.33,600), BAP1_c.1441C>A_p.H481N(56.40,633), REL_c.1160A>G_p.Y387C(53.88,774)",none,none,none,
ORD-0806592-01,MM/DD/YYYY,Qualified,NOISY_CNA_DATA,9169,06110988B,Colon adenocarcinoma (CRC),821,T7,2.8335,MSS,1.75,"TP53_c.451C>G_p.P151A(18.07,1140), BRAF_c.1799T>A_p.V600E(17.53,787), PBRM1_c.2548C>T_p.R850*(20.67,329)","SMAD4_c.523G>T_p.E175*(18.89,683)",none,none,none,none,"ERRFI1_c.401A>G_p.K134R(47.76,1382), CREBBP_c.905G>A_p.S302N(48.97,919), EMSY_c.3473A>C_p.Q1158P(54.08,551), LRP1B_c.13780A>G_p.I4594V(52.74,402), PREX2_c.73G>A_p.V25M(18.03,649), BMPR1A_c.58C>T_p.R20C(17.03,499), PARP4_c.3176A>G_p.Q1059R(43.36,1024), IGF2R_c.1810G>A_p.G604S(59.74,914), ARAF_c.1537G>A_p.G513S(99.69,320), PARP2_c.1141-1G>A_p.splice site 1141-1G>A(49.76,615)",none,none,none,
ORD-0806593-01,MM/DD/YYYY,Pass,-,9565,06111009C,Colon adenocarcinoma (CRC),783,T7,3.4481,MSS,0.88,"BRAF_c.1799T>A_p.V600E(11.24,694), PIK3CA_c.1624G>A_p.E542K(9.39,607)","FBXW7_c.664C>T_p.R222*(21.95,934), CYLD_c.2299A>T_p.K767*(9.89,758)",none,none,none,none,"PALB2_c.2509G>A_p.E837K(51.93,724), TBX3_c.1685C>T_p.A562V(49.62,659), IGF2R_c.716G>A_p.G239E(52.60,673), SMAD4_c.1475T>A_p.V492D(21.12,895), PARP4_c.1263T>A_p.N421K(52.85,579), TSC2_c.5185C>T_p.R1729C(49.07,642), MKNK1_c.37A>G_p.M13V(49.49,792), NOTCH3_c.224G>A_p.R75Q(49.56,571), FGFR4_c.1067C>T_p.P356L(45.94,542), PTCH1_c.152_154delGAG_p.G51del(44.62,910), SPTA1_c.4159C>T_p.R1387C(9.64,778), NOTCH4_c.4762G>T_p.V1588L(49.43,611)",none,none,none,
ORD-0806594-01,MM/DD/YYYY,Qualified,NOISY_CNA_DATA,6321,06111029B,Colon adenocarcinoma (CRC),672,T7,2.0860,MSS,7.02,"BRAF_c.1799T>A_p.V600E(10.68,646), TP53_c.742C>T_p.R248W(13.23,529)",none,none,none,none,none,"PNRC1_c.455C>T_p.A152V(57.41,371), ATR_c.3497A>G_p.H1166R(49.32,734), FANCF_c.557C>T_p.A186V(48.77,693), SLIT2_c.3362G>A_p.R1121H(49.94,809), TOP2A_c.3964+1_3965-1del243_p.splice site 3964+1_3965-1del243(7.51,839), FLCN_c.303G>C_p.E101D(45.47,530), PALB2_c.660T>A_p.S220R(13.66,864), ARID1B_c.954_956delAGG_p.G319del(32.51,692), BCL6_c.1375C>T_p.R459C(47.39,614), TOP2A_c.3453+2_3454del131_p.splice site 3453+2_3454del131(5.81,895), PDGFRB_c.1279C>T_p.P427S(54.82,591), EPHB4_c.1151G>A_p.R384Q(45.99,711), MUTYH_c.178G>C_p.E60Q(10.46,698), TOP2A_c.4088+1_4089-1del106_p.splice site 4088+1_4089-1del106(7.43,888), MLL2_c.6629C>T_p.P2210L(53.41,674), RET_c.3112A>G_p.T1038A(46.17,639), POLE_c.5632C>T_p.R1878C(53.43,670), ERBB4_c.2488G>A_p.G830R(11.86,565)",none,none,TOP2A_TOP2A_rearrangement_56,
ORD-0806595-01,MM/DD/YYYY,Pass,-,6644,06111048C,Colon adenocarcinoma (CRC),836,T7,2.9620,MSS,4.39,"TERT_c.-146C>T_p.promoter -146C>T(20.00,60), APC_c.847C>T_p.R283*(19.71,690), APC_c.4592_4593insA_p.N1531fs*2(17.56,974), AKT1_c.49G>A_p.E17K(41.41,495), TGFBR2_c.1583G>A_p.R528H(25.14,545), BRAF_c.1799T>A_p.V600E(15.17,1015)","FANCF_c.719G>A_p.W240*(20.90,952), TP53_c.602_603insTT_p.L201fs*47(24.08,839)",none,none,none,none,"FANCD2_c.4174C>T_p.R1392W(20.79,856), CARD11_c.1027_1029delGAG_p.E343del(13.84,766), WT1_c.61G>A_p.G21R(25.15,342), ATR_c.3497A>G_p.H1166R(46.19,985), INSR_c.2032C>A_p.L678M(38.02,526), GATA1_c.361G>A_p.V121M(100.00,437), MST1R_c.878A>G_p.Y293C(50.56,799)",none,none,none,
ORD-0806596-01,MM/DD/YYYY,Pass,-,4131,06111068B,Colon adenocarcinoma (CRC),793,T7,1.9851,MSS,4.39,"APC_c.4429C>T_p.Q1477*(19.04,982), FBXW7_c.1436G>A_p.R479Q(16.88,853), BRAF_c.1799T>A_p.V600E(33.65,734), ATM_c.1009C>T_p.R337C(1.18,676), APC_c.3340C>T_p.R1114*(19.52,968), EGFR_c.2527G>A_p.V843I(1.27,943), PIK3CA_c.1633G>A_p.E545K(19.43,731)","SPEN_c.9273_9291delCCACCTCTCCCAGGGCGAG_p.S3091fs*2(15.93,948)",none,none,none,none,"NTRK3_c.140G>A_p.R47Q(20.06,703), PIK3C2G_c.881T>C_p.I294T(46.89,691), SPTA1_c.679G>A_p.E227K(51.03,678), LTK_c.1393_1394delCC_p.P465fs*1(47.61,710), EGFR_c.2863G>T_p.A955S(61.20,987), CUL4A_c.267G>C_p.Q89H(32.24,639), AURKA_c.50C>G_p.A17G(52.68,784), CHD4_c.3363C>G_p.C1121W(19.68,813), SMAD3_c.871+1G>A_p.splice site 871+1G>A(20.66,518), NTRK1_c.53G>A_p.G18E(53.78,768)",none,none,none,
ORD-0806597-01,MM/DD/YYYY,Pass,-,8401,06111103B,Colon adenocarcinoma (CRC),840,T7,2.6119,MSS,3.51,"BRAF_c.1799T>A_p.V600E(8.15,687), TP53_c.853G>A_p.E285K(10.49,1001)","SMARCB1_c.1117_1118+59del61_p.splice site 1117_1118+59del61(14.85,633)",none,none,none,PMS2_N/A_truncation_31,"PARP4_c.1094C>G_p.S365C(43.08,845), TP53BP1_c.1347_1352delTATCCC_p.I450_P451del(45.64,826), ZNF703_c.1204_1205insCGACGCACCTCGGCGGCTCCAGCTGCTCCACCTGCAGCGCGC_p.A401_H402insPTHLGGSSCSTCSA(35.13,911), BRD4_c.3154G>A_p.D1052N(50.06,899), LRP1B_c.1082G>A_p.R361Q(8.73,939), SMARCD1_c.336G>T_p.Q112H(60.10,767), TNFRSF14_c.701T>A_p.V234E(43.64,747), KEL_c.172C>T_p.L58F(51.89,742), RNF43_c.209C>A_p.A70D(12.77,697), RPA1_c.1276T>G_p.S426A(42.39,618), STAT4_c.972G>T_p.M324I(8.62,928), PDGFRB_c.2164G>A_p.V722I(49.77,661)",none,none,none,
ORD-0806598-01,MM/DD/YYYY,Pass,-,4769,06111131C,Colon adenocarcinoma (CRC),915,T7,-1.3012,MSS,4.39,"SMAD4_c.1081C>T_p.R361C(30.54,907), BRAF_c.1799T>A_p.V600E(30.87,852), TP53_c.742C>T_p.R248W(32.77,827)","ACVR1B_c.1366C>T_p.R456*(5.58,788)",none,none,none,none,"NTRK3_c.1624T>G_p.L542V(10.93,677), CDH2_c.1645G>A_p.V549M(61.13,705), FGFR3_c.2272G>A_p.D758N(62.92,933), PTCH2_c.1870G>T_p.V624L(12.61,952), SPTA1_c.2188G>A_p.G730S(56.43,785), ZNF217_c.1618C>A_p.Q540K(49.21,1268), NSD1_c.3698G>A_p.R1233Q(47.62,989), MERTK_c.2467G>C_p.E823Q(41.12,890), MAGI2_c.2212C>T_p.R738W(54.71,1190), BRCA2_c.9976A>T_p.K3326*(42.50,1393)",none,none,none,
ORD-0806599-01,MM/DD/YYYY,Pass,-,5069,06111170B,Colon adenocarcinoma (CRC),743,T7,-0.1487,MSS,3.51,"PIK3CA_c.1635G>T_p.E545D(25.48,526), BRAF_c.1799T>A_p.V600E(24.42,860)","TP53_c.205_208delGCTG_p.A69fs*53(46.37,800)",none,none,"PTEN_loss(0,8 of 9), FAS_loss(0,10 of 10)",none,"NUP93_c.1456C>T_p.R486C(50.99,908), MLL2_c.16214G>A_p.R5405H(49.94,813), ABL2_c.3181G>T_p.A1061S(48.34,904), NOTCH2_c.7223T>A_p.L2408H(48.46,749), CDKN1B_c.443G>T_p.C148F(28.50,642), CDH5_c.707G>A_p.R236Q(49.93,747), IRS2_c.2920C>T_p.P974S(62.22,720), EPHB1_c.1051C>T_p.R351W(24.68,709), RNF43_c.685C>T_p.P229S(48.69,877), FANCL_c.640C>G_p.L214V(70.14,777), SMAD4_c.1495T>C_p.C499R(39.40,637)",none,none,none,
ORD-0806600-01,MM/DD/YYYY,Pass,-,4643,06111198C,Colon adenocarcinoma (CRC),706,T7,-0.2795,MSS,3.51,"ATM_c.748C>T_p.R250*(73.87,907), BRAF_c.1799T>A_p.V600E(42.21,924), TP53_c.642_643delTA_p.H214fs*7(44.77,612)",none,"MYC_amplification(10,5 of 5), KDM5A_amplification(6,28 of 28)",none,none,none,"RAD54L_c.2072G>A_p.R691Q(48.04,639), MLL2_c.3392C>T_p.P1131L(53.62,636), RAD51_c.419C>T_p.T140M(20.98,615), IRS2_c.1655G>T_p.C552F(18.15,595), AR_c.1486G>A_p.D496N(27.52,327)","RAD52_amplification(6,11 of 11)",none,none,
ORD-0806601-01,MM/DD/YYYY,Pass,-,4644,06111227C,Colon adenocarcinoma (CRC),756,T7,0.5738,MSS,3.51,"KEL_c.389G>A_p.R130Q(48.75,839), BRAF_c.1799T>A_p.V600E(35.52,746), TP53_c.490A>G_p.K164E(59.12,477)","RNF43_c.374_375+23del25_p.splice site 374_375+23del25(60.39,308)","CDK8_amplification(26,12 of 13)",none,"PTEN_loss(1,9 of 9)",none,"CTNNB1_c.369G>C_p.Q123H(49.47,845), LRP1B_c.9844G>A_p.G3282S(48.53,884), EGFR_c.2029C>T_p.R677C(29.33,965), SOX10_c.438C>A_p.N146K(59.40,436), ATR_c.3151C>T_p.R1051C(20.30,330)","APCDD1_amplification(7,5 of 5)",none,none,
ORD-0806602-01,MM/DD/YYYY,Pass,-,4645,06111242C,Colon adenocarcinoma (CRC),872,T7,0.8998,MSS,7.90,"BRAF_c.1799T>A_p.V600E(12.80,805), TP53_c.310C>T_p.Q104*(12.27,888)",none,none,none,"BRCA1_loss(0,1 of 23)",BRCA1_BRCA1_deletion_4,"POLD1_c.3016G>A_p.A1006T(48.58,632), MAP3K1_c.2816C>G_p.S939C(47.38,572), BRCA2_c.5191C>T_p.H1731Y(47.45,999), CBL_c.1660G>A_p.V554I(11.04,1259), TP53BP1_c.3941G>A_p.R1314H(10.64,1382), LZTR1_c.1486_1487GC>TA_p.A496Y(49.88,429), FAT1_c.13025G>T_p.C4342F(10.70,776), SMAD4_c.1533_1565del33_p.D512_P522del(9.94,1107), SPTA1_c.2249C>A_p.A750D(12.70,1039), EPHB4_c.1267G>C_p.E423Q(9.28,884), EP300_c.6190C>T_p.P2064S(11.06,931), RNF43_c.1072_1446del375_p.L358_C482del(12.95,942), MAP3K1_c.2975C>G_p.S992C(48.65,1034)",none,none,PTCH2_PLK3_rearrangement_13,
ORD-0806603-01,MM/DD/YYYY,Pass,-,2408,06111261B,Colon adenocarcinoma (CRC),845,T7,2.2287,MSS,4.39,"BRAF_c.1799T>A_p.V600E(27.78,1015), TP53_c.524G>A_p.R175H(38.60,715)",none,none,none,"RNF43_loss(0,5 of 9), SMAD4_loss(0,9 of 11)",none,"IGF1R_c.3668G>A_p.R1223H(23.83,642), FLT1_c.2178_2180delATC_p.S733del(25.40,882), CSF1R_c.95T>G_p.V32G(44.92,699), ERBB4_c.3335G>A_p.R1112H(16.47,1038), LRP1B_c.6989A>T_p.N2330I(5.74,836), KDR_c.1409C>A_p.P470H(15.49,807), ACVR1B_c.467A>G_p.Y156C(8.87,1252), MED12_c.4607G>A_p.R1536Q(33.06,744), TSC2_c.5320A>G_p.S1774G(48.12,690), MUTYH_c.883C>T_p.R295C(42.53,656), DAXX_c.1657G>A_p.E553K(48.70,1265), NOTCH3_c.223C>T_p.R75W(15.69,497), TP53BP1_c.3940C>T_p.R1314C(68.13,866), PARP4_c.2171A>C_p.K724T(58.61,1167), FANCD2_c.1777C>T_p.P593S(32.99,482), RANBP2_c.9086T>C_p.V3029A(56.58,1209), FAT1_c.4676C>T_p.A1559V(20.94,1046)",none,none,none,
ORD-0806604-01,MM/DD/YYYY,Pass,-,4453,06111298C,Colon adenocarcinoma (CRC),940,T7,3.1801,MSS,2.63,"BRAF_c.1799T>A_p.V600E(6.08,905), TP53_c.524G>A_p.R175H(7.47,924)",none,"DIS3_amplification(10,22 of 22), MYC_amplification(10,5 of 5)",none,none,none,"IKZF1_c.1240C>A_p.L414M(7.59,843), TSC2_c.4527_4529delCTT_p.F1510del(46.34,1012), MED12_c.6359_6360insCCAGCAGCAACA_p.Q2119_Q2120insHQQQ(33.36,1073), MKNK1_c.170A>C_p.E57A(46.64,1085), KLHL6_c.26C>G_p.A9G(49.83,861), IRS2_c.2104_2105insCCG_p.A701_V702insA(22.74,431), DICER1_c.1381A>G_p.I461V(46.59,998), PMS2_c.475G>A_p.V159M(53.39,886), MITF_c.610G>T_p.A204S(51.60,843), MAP2K2_c.841C>T_p.R281W(50.81,990)",none,none,none,
ORD-0806605-01,MM/DD/YYYY,Pass,-,3492,06111300B,Colon adenocarcinoma (CRC),952,T7,2.8979,MSS,7.90,"TP53_c.273G>A_p.W91*(17.04,1027), BRAF_c.1799T>A_p.V600E(17.45,768), FANCA_c.3231G>A_p.M1077I(47.50,779), RUNX1_c.422C>T_p.S141L(52.86,1031)",none,none,none,none,none,"PAK7_c.19A>G_p.K7E(50.85,883), FAM123B_c.86_87CC>AA_p.A29E(11.74,1235), RET_c.961G>A_p.G321R(48.54,892), FAT3_c.5176_5177CA>TG_p.Q1726W(12.31,853), PARK2_c.767G>A_p.R256H(13.18,1047), EGFR_c.3091C>T_p.R1031W(11.83,1014), SPTA1_c.7104G>T_p.K2368N(47.52,926), BRD4_c.2363A>G_p.Q788R(50.43,821), APCDD1_c.1360A>G_p.K454E(58.61,761), DOT1L_c.4174G>A_p.G1392S(48.66,861), GNA11_c.553C>T_p.P185S(17.31,907), C17orf39_c.205_206insCGG_p.A68_V69insA(35.97,467), EP300_c.1003C>T_p.R335C(40.41,975), SPTA1_c.6925A>G_p.M2309V(49.17,1029)",none,none,none,
ORD-0806606-01,MM/DD/YYYY,Pass,-,8601,06111317B,Colon adenocarcinoma (CRC),666,T7,1.9670,MSS,3.51,"PIK3CB_c.3151G>A_p.E1051K(22.06,875), TP53_c.976G>T_p.E326*(48.22,732), BRAF_c.1799T>A_p.V600E(35.05,873)","PIK3R1_c.1729A>T_p.R577*(41.00,783)","MYC_amplification(14,5 of 5)",none,none,SPEN_ZBTB17_truncation_20,"IRF4_c.1334G>A_p.R445H(27.32,754), FAM175A_c.659C>T_p.A220V(39.94,696), LRP1B_c.6113G>A_p.G2038E(47.82,734), TSC1_c.1238A>G_p.Q413R(48.39,715), PARP1_c.1253A>T_p.K418M(38.38,714), CARD11_c.2060C>T_p.A687V(47.89,451), JAK2_c.3165A>T_p.K1055N(27.31,813), MYCN_c.1093C>G_p.P365A(54.08,612)",none,none,none,
ORD-0806607-01,MM/DD/YYYY,Pass,-,2602,06111319B,Colon adenocarcinoma (CRC),465,T7,1.7875,MSS,2.63,"PIK3CA_c.1636C>A_p.Q546K(16.28,473), TP53_c.461G>T_p.G154V(21.51,451), FBXW7_c.1436G>A_p.R479Q(15.49,497), BRAF_c.1799T>A_p.V600E(29.39,507)","RNF43_c.831_832insAG_p.E278fs*142(32.47,542)","DIS3_amplification(8,22 of 22)","CDK8_amplification(6,13 of 13)",none,none,"TSC2_c.3421G>A_p.A1141T(34.10,349), FAT3_c.13579G>A_p.E4527K(15.46,388), NFE2L2_c.193G>C_p.E65Q(51.27,825), FGFR3_c.1331C>T_p.S444F(51.72,377), SMARCD1_c.336G>T_p.Q112H(48.45,549), CHD2_c.4954A>C_p.N1652H(52.94,391), LRP1B_c.13676A>G_p.N4559S(49.44,447), ERG_c.148C>T_p.R50C(16.62,391)","PARP4_amplification(6,33 of 33), TGFBR2_amplification(6,8 of 8), CDKN1B_amplification(8,3 of 3), RB1_amplification(6,27 of 27)",none,none,